Título;SKU;Preço;QTD;Status;Cd. SPALM;
30 anos na Paraíba: memórias corográficas e outras memórias (vol. 87);273;R$ 11,00;15;Habilitado;03.15.01.0080-1;
A Abolição (vol. 39 ) - 9788570184078;94;R$ 17,00;3;Habilitado;03.15.01.0034-8;
A Amazônia na era pombalina – tomos I, II e III (vol. 49);95;R$ 51,00;9;Habilitado;03.15.01.0044-5;
A caminho do leste (vol. 221) - 9788570186959;704;R$ 22,00;84;Habilitado;03.15.01.0207-3;
A Casa de Cunhaú (vol. 45);98;R$ 7,00;5;Habilitado;03.15.01.0040-2;
A Coluna Prestes no Piauí (vol. 90);99;R$ 16,00;21;Habilitado;03.15.01.0083-6;
A Constituição que não Foi;407;R$ 20,00;-100;Habilitado;03.14.01.0010-8;
A formação do capital e seu desenvolvimento (vol. 156) - 9788570183750;100;R$ 24,00;19;Habilitado;03.15.01.0149-2;
A gênese do Texto da Constituição de 1988 - 9788570185242;588;R$ 80,00;47;Habilitado;;
A História da Revolução Russa (Vol. 240) - 9788570188144;762;R$ 80,00;39;Habilitado;03.15.01.0218-9;
A história dos símbolos nacionais (vol. 47);101;R$ 7,00;14;Habilitado;03.15.01.0042-9;
A intervenção estrangeira durante a Revolta de 1893 (vol. 21);104;R$ 10,00;2;Habilitado;03.15.01.0016-0;
A língua portuguesa no tempo e no espaço (vol. 242) - 9788570188366;773;R$ 29,00;32;Habilitado;03.15.01.0272-3;
A Noite das Garrafadas (vol. 173);105;R$ 9,00;35;Habilitado;03.15.01.0166-2;
A Paraíba e seus Problemas (vol. 172) - 9788570184153;106;R$ 22,00;24;Habilitado;03.15.01.0165-4;
A presença holandesa: a história da guerra do açúcar vista por Alagoas (vol. 197) - 9788570185150; ;R$ 91,00;45;Habilitado;03.15.01.0188-3;
A presença negra em Alagoas (vol. 214) - 9788570186447;660;R$ 10,00;22;Habilitado;03.15.01.0200-6;
A Presidência Campos Sales (Coleção Biblioteca Básica Brasileira);18;R$ 20,00;43;Habilitado;03.15.01.0263-4;
A questão indígena (Vol. 247) - 9788570188953;801;R$ 15,00;33;Habilitado;;
A renúncia de Jânio (vol. 234) - 9788570187796;743;R$ 9,00;15;Habilitado;03.15.01.0234-0;
A república na América do Sul (vol. 231) - 9788570187543;727;R$ 11,00;1;Habilitado;03.15.01.0232-4;
A retirada da Laguna (vol. 149) - 9788570183477;108;R$ 12,00;-100;Habilitado;03.15.01.0142-5;
A viagem de Patroni pelas províncias brasileiras (vol. 176) - 9788570184832;634;R$ 10,00;45;Habilitado;03.15.01.0169-7;
A vida de Gonçalves Dias (vol. 226) - 9788570187420;709;R$ 32,00;11;Habilitado;03.15.01.0210-3;
A vida de Luiz Viana Filho (vol. 58);110;R$ 11,00;32;Habilitado;03.15.01.0051-8;
A vida do barão do Rio Branco (vol. 203) - 9788570185518;679;R$ 32,00;16;Habilitado;03.15.01.0194-8;
A Vida dos Doze Césares (vol. 171);111;R$ 20,00;-100;Habilitado;;
ABC das Alagoas, dicionário biobibliográfico, histórico e geográfico de Alagoas - Tomos I, II e III (vol. 215) - 9788570186669;664;R$ 161,00;15;Habilitado;03.15.01.0055-0;
Ação e Presença dos Portugueses na costa norte do Brasil no séc. XVII (vol. 206) - 9788570185396;609;R$ 13,00;5;Habilitado;03.15.01.0196-4;
Advento da ditadura militar no Brasil (vol. 243);786;R$ 12,00;77;Habilitado;03.15.01.0271-5;
Agenda Legislativa para o Desenvolvimento Nacional - 9788570183538;408;R$ 50,00;34;Habilitado;03.14.11.0062-4;
Alagoas: a herança indígena - 1ª edição (vol. 238) - 9788570188465;802;R$ 30,00;46;Habilitado;;
Amapá: a terra onde o Brasil começa (vol. 35);8;R$ 16,00;111;Habilitado;03.15.01.0030-5;
Amazônia ameaçada. Da Amazônia de Pombal à soberania sob ameaça (vol. 116);113;R$ 20,00;13;Habilitado;03.15.01.0109-3;
Amazônia, patrimônio universal? (vol. 135) - 9788570182807;114;R$ 10,00;16;Habilitado;03.15.01.0128-0;
Amazônia: terminais hidroviários (vol. 196) - 9788570185129;551;R$ 50,00;18;Habilitado;03.15.01.0187-5;
América Latina e América Inglesa (vol. 153);115;R$ 15,00;6;Habilitado;03.15.01.0146-8;
Anísio em Movimento (Coleção Biblioteca Básica Brasileira);19;R$ 20,00;5;Habilitado;03.15.01.0265-0;
Anotações de Vasconcelos de Drummond à sua biografia (vol. 165) - 9788570184092;117;R$ 12,00;7;Habilitado;03.15.01.0158-1;
Apontamentos biográficos de alguns piauienses ilustres e de outras pessoas notáveis que ocuparam cargos importantes na província do Piauí (III Vol. – Coleção Centenário) - 9788564231061;529;R$ 10,00;39;Habilitado;03.14.11.0066-7;
Apontamentos para a história dos jesuítas no Brasil (vol. 166) - 9788570184108;118;R$ 23,00;25;Habilitado;03.15.01.0159-0;
Apresentação de Afonso Arinos (vol. 124);119;R$ 26,00;30;Habilitado;03.15.01.0117-4;
Arborização urbana no Distrito Federal: história e espécies do cerrado;120;R$ 80,00;8;Habilitado;03.15.01.0285-5;
Arquivo Nelson Werneck Sodré: catálogo da obra (vol. 181) - 9788570184535;121;R$ 32,00;36;Habilitado;03.15.01.0174-3;
Arte sacra de Alagoas: um tesouro da memória (vol. 75) - 9788570185181;122;R$ 15,00;43;Habilitado;03.15.01.0068-2;
As aventuras de Nhô-Quim e Zé Caipora: os primeiros quadrinhos brasileiros 1869-1883 (vol. 44);123;R$ 22,00;38;Habilitado;03.15.01.0039-9;
As Constituições dos países da Comunidade de Língua Portuguesa comentadas (vol. 91);125;R$ 36,00;2;Habilitado;03.15.01.0084-4;
As dificuldades de um império luso-brasileiro (vol. 168) - 9788570184122;126;R$ 11,00;7;Habilitado;03.15.01.0161-1;
As obras dos engenheiros militares Galluzzi e Sambuceti e do arquiteto Landi no Brasil colonial do século XVIII (vol. 46);127;R$ 10,00;1;Habilitado;03.15.01.0041-0;
Assédio (reimpressão) - 9788570187116;748;R$ 3,00;178;Habilitado;03.14.04.0001-2;
Atualidade de Alberto Pasqualini (vol. 144);128;R$ 15,00;44;Habilitado;03.15.01.0137-9;
Autobiografia - Visconde de Mauá (vol. 148) - 9788570183453;129;R$ 12,00;-100;Habilitado;03.15.01.0141-7;
Autobiografia de C. B. Ottoni (vol. 202) - 9788570185501; ;R$ 18,00;45;Habilitado;03.15.01.0193-0;
Autores e livros na Rádio Senado – entrevistas a Margarida Patriota (vol. 220) - 9788570186737;670;R$ 19,00;42;Habilitado;03.15.01.0206-5;
Avaliação de impacto legislativo - Cenários e perspectivas para sua aplicação - 9788570188878;790;R$ 4,00;118;Habilitado;03.14.02.0010-2;
Balmaceda (vol. 14) - 9788570182555;130;R$ 12,00;23;Habilitado;03.15.01.0013-5;
Bandeiras nacional, históricas e estaduais (vol. 155);131;R$ 35,00;8;Habilitado;03.15.01.0148-4;
Batalha de Caiboaté: episódio culminante da Guerra das Missões (vol. 63);132;R$ 10,00;5;Habilitado;;
Biblioteca Acadêmico Luiz Viana Filho: 180 Anos de História Viva;415;R$ 50,00;-4;Habilitado;03.14.11.0049-7;
Brasil: uma história documental (vol. 232) - 9788570187536;738;R$ 30,00;-1;Habilitado;03.15.01.0233-2;
Brasileiras célebres (vol. 228) - 9788570187475;739;R$ 11,00;32;Habilitado;03.15.01.0212-0;
Caminhos do açúcar: engenhos e casas-grandes das Alagoas (vol. 104);133;R$ 25,00;24;Habilitado;03.15.01.0097-6;
Campanha abolicionista no Recife: eleições de 1884 (vol. 59);134;R$ 12,00;18;Habilitado;03.15.01.0052-6;
Capítulos de história colonial (vol. 65);20;R$ 9,00;-100;Habilitado;03.15.01.0058-5;
Castilhismo: uma filosofia da República (vol. 145);25;R$ 18,00;8;Habilitado;03.15.01.0138-7;
Catálogo de Obras Raras e Valiosas da Coleção Luiz Viana Filho - 9788570183552;416;R$ 70,00;5;Habilitado;03.14.11.0044-6;
Cidades históricas – inventário e pesquisa: São Luís (vol. 85);137;R$ 50,00;10;Habilitado;03.15.01.0078-0;
Ciência, Tecnologia e Soberania Nacional – Dificuldades para a construção de um projeto nacional - 9788570183606;418;R$ 10,00;6;Habilitado;03.14.11.0001-2;
Código Civil e normas correlatas – 9ª edição - 9788570188373;771;R$ 10,00;-100;Habilitado;03.14.04.0002-0;
Código de defesa do consumidor e normas correlatas 2ª ed. – 9788570188717;793;R$ 4,00;56;Habilitado;03.14.12.0017-3;
Código de processo civil e normas correlatas – 11ª edição - 9788570188472;776;R$ 9,00;0;Habilitado;03.14.04.0003-9;
Código de processo penal - 1ª ed. - 9788570188090;759;R$ 6,00;0;Habilitado;03.14.05.0001-7;
Código Filipino ou Ordenações e Leis do Reino de Portugal (vol. 38) - 9788570183699;139;R$ 160,00;14;Habilitado;03.15.01.0033-0;
Código Penal - 9788570188045;761;R$ 4,00;20;Habilitado;03.14.05.0002-5;
Código Tributário Nacional - 3ª ed. - 9788570188502;779;R$ 3,00;6;Habilitado;03.14.02.0001-3;
Coleção ambiental – Água - 9788570186195;655;R$ 14,00;85;Habilitado;03.14.06.0001-1;
Coleção ambiental – Educação ambiental - 9788570185761; ;R$ 8,00;144;Habilitado;03.14.06.0002-0;
Coleção ambiental – Florestas - 9788570185822;651;R$ 21,00;111;Habilitado;03.14.06.0003-8;
Coleção ambiental – Patrimônio genético - 9788570187031;680;R$ 19,00;76;Habilitado;03.14.06.0004-6;
Coleção ambiental – Resíduos sólidos e saneamento básico - 9788570187062;686;R$ 14,00;99;Habilitado;03.14.06.0005-4;
Coleção ambiental – Terras - 9788570185952;648;R$ 20,00;124;Habilitado;03.14.06.0006-2;
Coleção Ambiental Vol. II – Código de Mineração e Legislação Correlata - 9788570183644;60;R$ 5,00;-99;Habilitado;03.14.06.0008-9;
Coleção Ambiental Vol. V – Biossegurança e Transgenia - 9788570183620;61;R$ 4,00;-100;Habilitado;03.14.06.0009-7;
Coleção Ambiental Vol. VI – Atmosfera, Desmatamento, Poluição e Camada de Ozônio;66;R$ 4,00;51;Habilitado;03.14.06.0007-0;
Coleção Constituições Brasileiras - 9788570184245;323;R$ 30,00;-88;Habilitado;03.14.01.0002-7;
Coleção de Teses – A linguagem penal do contrato social brasileiro: O inimigo, a guerra e a construção da ordem contra a sociedade no Brasil (1822-1890); ;R$ 40,00;27;Habilitado;03.14.11.0032-2;
Coleção de Teses – A preponderância do Poder Executivo no processo orçamentário;74;R$ 5,00;8;Habilitado;03.14.11.0070-5;
Coleção de Teses – Auditoria interna de recursos humanos: temas de trabalho e perspectivas de atuação; ;R$ 10,00;6;Habilitado;03.14.11.0031-4;
Coleção de Teses – Da constitucionalidade e legitimidade da iniciativa popular para a reforma da constituição;77;R$ 5,00;9;Habilitado;03.14.11.0071-3;
Coleção de Teses – Da influência dos valores culturais na percepção e prática da corrupção: de perspectivas teóricas a evidências práticas;694;R$ 10,00;28;Habilitado;03.14.11.0028-4;
Coleção de Teses – Emendas individuais dos senadores ao orçamento anual: uma análise dos exercícios de 2008 e 2009;78;R$ 5,00;15;Habilitado;03.14.07.0002-4;
Coleção de Teses – Gênero, adolescência e políticas de ressocialização: um estudo com as internas do CAJE do Distrito Federal;89;R$ 5,00;-4;Habilitado;03.14.11.0073-0;
Coleção de Teses – Interações entre coalizão e oposição nas comissões da Câmara dos Deputados e do Senado Federal (2011);695;R$ 15,00;47;Habilitado;03.14.11.0033-0;
Coleção de Teses – O (des)alinhamento das agendas política e burocrática no Senado: uma análise à luz da teoria da agência, sob o posnto de vista do agente;700;R$ 30,00;40;Habilitado;03.14.11.0026-8;
Coleção de Teses – O Controle Normativo da Mídia do Congresso Nacional;81;R$ 5,00;40;Habilitado;03.14.11.0068-3;
Coleção de Teses – O poder dos líderes revisitado: a atuação das bancadas temáticas na aprovação do Código Florestal;696;R$ 15,00;48;Habilitado;03.14.11.0034-9;
Coleção de Teses – O Princípio da Moderação e a Legitimação do Controle Judicial de Constitucionalidade das Leis;84;R$ 5,00;16;Habilitado;03.14.11.0072-1;
Coleção de Teses – Políticas públicas estatais: a deliberação popular no ciclo das políticas públicas; ;R$ 20,00;20;Habilitado;03.14.11.0069-1;
Coleção de Teses – Projeto de Visita do Parlamento Brasileiro: Construção de uma nova imagem;79;R$ 10,00;-4;Habilitado;0;
Coleção de Teses – Prouni e o fenômeno da apropriação;698;R$ 10,00;46;Habilitado;03.14.11.0048-9;
Coleção de Teses – Regulamentação das atividades de lobby e seu impacto sobre as relações entre políticos, burocratas e grupos de interesse no ciclo das políticas públicas – análise comparativa dos Estados Unidos e Brasil;701;R$ 40,00;37;Habilitado;03.14.11.0030-6;
Coleção de Teses – Relações entre o Legislativo e o Executivo nas reformas educacionais no Brasil, na Argentina e no México (1990-2010);699;R$ 15,00;49;Habilitado;;
Coleção de Teses – Sistema de Controle Interno Integrado da União: Necessidade ou simples obrigatoriedade?;87;R$ 5,00;-4;Habilitado;0;
Coleção de Teses – Sociedade Anônima simplificada;693;R$ 10,00;10;Habilitado;03.14.11.0027-6;
Coleção Sessões Temáticas – Reforma política, financiamento da saúde e pacto federativo; ;R$ 35,00;38;Habilitado;03.14.11.0052-7;
Coletânea básica penal - 8ª edição - 9788570187987;753-1;R$ 7,00;99;Habilitado;03.14.05.0003-3;
Colônias imperiais na terra do café: camponeses trentinos (vênetos e lombardos) nas florestas brasileiras. Espírito Santo (1874-1900) (vol. 114);140;R$ 22,00;7;Habilitado;03.15.01.0107-7;
Conselhos aos governantes (vol. 15) - reimpressão - 9788570188120;764;R$ 49,00;94;Habilitado;03.15.01.0014-3;
Consolidação das leis do trabalho – CLT e normas correlatas – 9788570188908;794;R$ 6,00;-93;Habilitado;03.14.04.0014-4;
Constituição em Miúdos - 2 ed. - 9788570189110;804;R$ 5,00;865;Habilitado;;
Constituição Federal – 99ª Emenda – Modelo Livro – 9788570189097;797;R$ 16,00;7;Habilitado;;
Constituição Federal – 99ª Emenda – Modelo Separata - 9788570189103;798;R$ 4,00;-63;Habilitado;;
Constituições primeiras do Arcebispado da Bahia (vol. 79) - 9788570182852;142;R$ 45,00;33;Habilitado;03.15.01.0072-0;
Copiador de cartas particulares do Senhor Dom Frei Manuel da Cruz, Bispo do Maranhão e Mariana (1739-1762) (vol. 108);144;R$ 24,00;6;Habilitado;03.15.01.0102-6;
Corumbá: terra de lutas e de sonhos (vol. 77);145;R$ 9,00;3;Habilitado;03.15.01.0070-4;
Crédito e Spread: Custo da Intermediação Bancária - 9788570182821;421;R$ 10,00;-100;Habilitado;03.14.11.0002-0;
Crônica da missão dos padres da Companhia de Jesus no Estado do Maranhão (vol. 115) - 9788570182678;146;R$ 50,00;-100;Habilitado;03.15.01.0108-5;
Cuidadores da Primeira Infância: por uma formação de qualidade - 1ª edição - 9788570188823;800;R$ 6,00;16;Habilitado;;
Cultura e opulência do Brasil: por suas drogas e minas (vol. 160) - 9788570183781;147;R$ 11,00;46;Habilitado;03.15.01.0153-0;
Cultura quilombola na Lagoa da Pedra, Arraias-TO (vol. 146) - 9788570183422;148;R$ 47,00;63;Habilitado;03.15.01.0139-5;
Cultura: Captação de recursos e incentivos fiscais - 9788570185174;555;R$ 15,00;84;Habilitado;;
Defesa da poesia - 1ª edição (vol. 241) - 9788570188311;772;R$ 23,00;40;Habilitado;03.15.01.0274-0;
Delmiro Gouveia e a educação na Pedra (vol. 199);584;R$ 13,00;1;Habilitado;03.15.01.0190-5;
Deodoro: subsídios para a história (Coleção Biblioteca Básica Brasileira);21;R$ 20,00;4;Habilitado;03.15.01.0257-0;
Desenvolvimento e inclusão social - 9788570185709;624;R$ 15,00;172;Habilitado;03.14.04.0005-5;
Diálogos das grandezas do Brasil (vol. 134) - 9788570182746;151;R$ 12,00;17;Habilitado;03.15.01.0127-1;
Diário da minha viagem para Filadélfia: 1798-1799 (vol. 33);153;R$ 8,00;5;Habilitado;03.15.01.0228-6;
Direitos Autorais – 4ª Edição - 9788570186362;661;R$ 12,00;177;Habilitado;03.14.04.0006-3;
Direitos Humanos - atos internacionais e normas correlatas - 9788570185327;561;R$ 21,00;43;Habilitado;03.14.12.0001-7;
Direitos humanos e liberdade religiosa (vol. 205);594;R$ 25,00;5;Habilitado;;
Diretrizes para Construção do Tesauro da Rede Virtual de Bibliotecas - RVBI;424;R$ 10,00;-4;Habilitado;03.14.11.0060-8;
Documentos sigilosos: acesso e direito à informação - 9788570184436;154;R$ 3,00;15;Habilitado;03.14.12.0002-5;
Doença ocupacional - 9788570187338;703;R$ 8,00;-100;Habilitado;03.14.08.0003-7;
Dom Helder: o artesão da paz (vol. 120) - 9788570183880;158;R$ 24,00;37;Habilitado;03.15.01.0113-1;
Dom Pedro e Dom Miguel: a querela da sucessão (vol. 36);156;R$ 13,00;12;Habilitado;03.15.01.0031-3;
Drogas - 9788570185686; ;R$ 9,00;289;Habilitado;03.14.05.0005-0;
Educação básica - 9788570187833;747;R$ 6,00;26;Habilitado;03.14.03.0002-6;
El Senado Federal en Preguntas y Respuestas - 9788570185082;582;R$ 10,00;207;Habilitado;03.14.10.0001-8;
Eleição e Representação (Coleção Biblioteca Básica Brasileira);46;R$ 10,00;-100;Habilitado;03.15.01.0254-5;
Energia - Normas Gerais e Regulamentos;335;R$ 6,00;-100;Habilitado;03.14.06.0010-0;
Ensaio corográfico sobre a província do Pará (vol. 30) - 9788570184030;159;R$ 16,00;38;Habilitado;03.15.01.0025-9;
Ensaios e estudos (vol. 9) - 9788570182647;160;R$ 16,00;4;Habilitado;03.15.01.0009-7;
Escritos políticos: Cartas de Erasmo, A corte do Leão, A festa macarrônica (vol. 92) - 9788570183163;161;R$ 9,00;6;Habilitado;03.15.01.0085-2;
Estatuto da criança e do adolescente - 9788570188847;792;R$ 4,00;62;Habilitado;03.14.12.0019-0;
Estatuto da Juventude: atos internacionais e normas correlatas - 9788570185204; ;R$ 11,00;-100;Habilitado;03.14.12.0005-0;
Estatuto da Pessoa com Deficiência – 2ª edição - 9788570187666;753;R$ 3,00;66;Habilitado;03.14.04.0007-1;
Estatuto do Desarmamento - 2013 - 4ª Edição - 9788570185006;530;R$ 2,00;138;Habilitado;03.14.12.0006-8;
Estatuto do Idoso - 9788570188267;765;R$ 2,00;50;Habilitado;03.14.04.0008-0;
Estudos de Direito Sanitário: A produção normativa em saúde;425;R$ 10,00;8;Habilitado;03.14.12.0022-0;
Euclides da Cunha e a Política (vol. 170) - 9788570184146;164;R$ 22,00;18;Habilitado;03.15.01.0163-8;
Fábrica da Pedra (Conselho Editorial) - 9788570185198; ;R$ 16,00;15;Habilitado;03.15.01.0251-0;
Fastos da ditadura militar no Brasil (vol. 187) - 9788570184856; ;R$ 10,00;7;Habilitado;03.15.01.0180-8;
Finalidade do mundo: estudos de filosofia e teleologia naturalista - TOMOS I, II, III (vol. 183);165;R$ 36,00;23;Habilitado;03.15.01.0176-0;
Formação constitucional do Brasil (vol. 225) - 9788570187321;705;R$ 22,00;-100;Habilitado;03.15.01.0209-0;
Formação histórica da nacionalidade brasileira (vol. 158) - 9788570183934;166;R$ 9,00;19;Habilitado;03.15.01.0151-4;
Formação Histórica do Acre - Volumes I e II (vol. 109);29;R$ 38,00;21;Habilitado;03.15.01.0103-4;
Formação histórica do Brasil (vol. 118);168;R$ 15,00;19;Habilitado;03.15.01.0111-5;
Fragmentos de estudos da história da Assembleia Constituinte do Brasil (vol. 66);169;R$ 16,00;20;Habilitado;03.15.01.0059-3;
Galeria dos Brasileiros Ilustres - Volumes I e II (Coleção Brasil 500 Anos);30;R$ 40,00;0;Habilitado;03.15.01.0219-7;
Garibaldi e a Guerra dos Farrapos (vol. 230) - 9788570187529;723;R$ 36,00;10;Habilitado;03.15.01.0214-6;
Gestão orçamentária pública - 9788570187956;755;R$ 5,00;1;Habilitado;03.14.02.0002-1;
Governança pública 2ª ed. – 9788570188632;791;R$ 5,00;-97;Habilitado;03.14.02.0003-0;
Grandes Vultos que Honraram o Senado – Abdias Nascimento - 9788570185372;10001;R$ 22,00;2;Habilitado;03.14.11.0004-7;
Grandes Vultos que Honraram o Senado – Fábio Lucena - 9788570185143;587-1;R$ 10,00;55;Habilitado;03.14.11.0006-3;
Grandes Vultos que Honraram o Senado – Henrique de La Rocque - 9788570185037;536;R$ 27,00;49;Habilitado;03.14.11.0047-0;
Grandes Vultos que Honraram o Senado – Humberto Lucena;277;R$ 14,00;34;Habilitado;03.14.11.0007-1;
Grandes Vultos que Honraram o Senado – Petrônio Portella - 9788570183101;278;R$ 6,00;14;Habilitado;03.14.11.0008-0;
Grandes Vultos que Honraram o Senado – Pompeu de Souza;279;R$ 10,00;4;Habilitado;03.14.11.0009-8;
Grandes Vultos que Honraram o Senado – Teotônio Vilela;280;R$ 3,00;0;Habilitado;03.14.11.0010-1;
Guia de Fontes de Informação sobre o Senado Federal - 9788570184719;503;R$ 49,00;45;Habilitado;03.14.02.0011-0;
Hannah Arendt e o declínio da esfera pública, 4ª edição - (Vol. 233) - 9788570187734;803;R$ 12,00;20;Habilitado;;
História Constitucional do Brasil (vol. 178) - 9788570184399; ;R$ 12,00;12;Habilitado;;
História da América portuguesa (vol. 157);172;R$ 19,00;42;Habilitado;03.15.01.0150-6;
História da civilização brasileira (vol. 188) - 9788570184863; ;R$ 18,00;4;Habilitado;03.15.01.0181-6;
História da conquista da Paraíba (vol. 73);175;R$ 8,00;3;Habilitado;03.15.01.0066-6;
História da Independência do Brasil (vol. 137) - 9788570182791;176;R$ 46,00;32;Habilitado;03.15.01.0130-1;
História da literatura ocidental (vol. 107) - 3ª ed - 9788570188212;763;R$ 168,00;-100;Habilitado;03.15.01.0101-8;
História da missão dos padres capuchinhos na Ilha do Maranhão e terras circunvizinhas (vol. 105);178;R$ 15,00;7;Habilitado;03.15.01.0099-2;
História diplomática do Brasil (vol. 224) - 9788570186966;683;R$ 30,00;30;Habilitado;03.15.01.0208-1;
História do Brasil (João Armitage) (vol. 142) - 9788570183736;180;R$ 16,00;21;Habilitado;03.15.01.0135-2;
História do Brasil (Robert Southey) - Volumes I, II e III (vol. 133) - 9788570183132;181;R$ 66,00;-100;Habilitado;03.15.01.0126-3;
História do Positivismo no Brasil (vol. 48);182;R$ 30,00;7;Habilitado;03.15.01.0043-7;
História do Rio Grande do Norte (vol. 167) - 9788570184115;183;R$ 16,00;3;Habilitado;03.15.01.0160-3;
História do Triângulo Mineiro (vol. 186);523;R$ 14,00;-100;Habilitado;03.15.01.0179-4;
História dos fundadores do Império do Brasil - Vol. II - TOMO I, II, II - A vida de D. Pedro (vol. 209) - 9788570186126;642;R$ 69,00;3;Habilitado;03.15.01.0276-6;
História dos fundadores do Império do Brasil - Vol. III - Bernardo Pereira de Vasconcelos (vol. 210);643;R$ 19,00;0;Habilitado;03.15.01.0277-4;
História dos fundadores do Império do Brasil - Vol. IV - Evaristo Ferreira da Veiga (vol. 211) - 9788570186164;644;R$ 14,00;0;Habilitado;03.15.01.0278-2;
História dos fundadores do Império do Brasil - Vol. V - Diogo Antônio Feijó (vol. 212) - 9788570186171;645;R$ 26,00;9;Habilitado;03.15.01.0279-0;
História econômica do Brasil (vol. 34) - 9788570184061;184;R$ 37,00;28;Habilitado;03.15.01.0029-1;
História interna do direito romano privado até Justiniano (vol. 106);185;R$ 11,00;-100;Habilitado;03.15.01.0100-0;
História militar do Brasil (vol. 192) - 9788570184955;632;R$ 17,00;6;Habilitado;03.15.01.0184-0;
Ideias e instituições no Império: influências francesas (vol. 136) - 9788570182784;187;R$ 7,00;49;Habilitado;03.15.01.0129-8;
Igualdade racial e étnica - 9788570187253;691;R$ 9,00;206;Habilitado;03.14.04.0009-8;
Imigrantes poloneses no Brasil de 1891 (vol. 139) - 9788570183088;188;R$ 22,00;3;Habilitado;03.15.01.0132-8;
Início e consolidação da pesquisa matemática no Brasil (vol. 98);189;R$ 14,00;26;Habilitado;03.15.01.0091-7;
Invasão paraguaia na fronteira brasileira do Uruguai (vol. 177) - 9788570184405;595;R$ 26,00;1;Habilitado;03.15.01.0170-0;
Inventário de documentos históricos brasileiros (vol. 50);190;R$ 13,00;13;Habilitado;03.15.01.0045-3;
Inventário Nacional de Bens Imóveis e Sítios Urbanos Tombados (vol. 82);191;R$ 30,00;7;Habilitado;03.15.01.0075-5;
João Francisco Lisboa: o timon maranhense (vol. 182);192;R$ 5,00;7;Habilitado;03.15.01.0175-1;
João Goulart - Devolução Simbólica do Mandato Presidencial; ;R$ 10,00;19;Habilitado;03.14.11.0021-7;
Jornada do Maranhão: por ordem de Sua Majestade feita o ano de 1614 (vol. 161) - 9788570183798;193;R$ 7,00;1;Habilitado;03.15.01.0154-9;
Jornal de Timon (vol. 28);194;R$ 12,00;4;Habilitado;03.15.01.0023-2;
LDB - 1ª ed. - 9788570187864;758;R$ 3,00;55;Habilitado;03.14.03.0003-4;
Legba: a guerra contra o Xangô em 1912 - papel couchê;0.630;R$ 96,00;-4;Habilitado;0;
Legba: a guerra contra o Xangô em 1912 - papel verge (vol. 207) - 9788570186614;665;R$ 25,00;38;Habilitado;03.15.01.0197-2;
Legislação pesqueira 2013 - 9788570185105;629-1;R$ 8,00;-100;Habilitado;03.14.12.0008-4;
Lei de Responsabilidade Fiscal - 1 ed - 9788570188328;767;R$ 2,00;36;Habilitado;03.14.12.0009-2;
Lei n. 8.666/1993 - Licitações e contratos - 9788570188434;774;R$ 3,00;43;Habilitado;;
Licitações & Contratos - Orientações e Jurisprudência do TCU - 9788570183194;434;R$ 45,00;246;Habilitado;03.14.02.0008-0;
Licitações e contratos administrativos: teoria e jurisprudência – 9788570188663;780;R$ 7,00;4;Habilitado;03.14.02.0005-6;
Licitações, contratos e convênios públicos - 9788570188403;775;R$ 6,00;17;Habilitado;03.14.02.0007-2;
Luiz Viana Filho - O Jornalista;435;R$ 15,00;18;Habilitado;03.14.11.0050-0;
Machado de Assis - 6ª edição (vol. 236) - 9788570187826;756;R$ 18,00;12;Habilitado;;
Manual de Organização de Eventos do Senado Federal - 9788570184894;547;R$ 44,00;40;Habilitado;03.14.11.0023-3;
Marketing social: aplicações e métricas no setor público - 9788570186867;673;R$ 11,00;77;Habilitado;03.14.11.0012-8;
Memória sobre a viagem do porto de Santos à cidade de Cuiabá (vol. 69);721;R$ 6,00;-100;Habilitado;03.15.01.0062-3;
Memórias d’o Tico-Tico: Juquinha, Giby e Miss Shocking (vol. 123);200;R$ 35,00;37;Habilitado;03.15.01.0116-6;
Memórias da Rua do Ouvidor (vol. 41);198;R$ 14,00;4;Habilitado;03.15.01.0036-4;
Memórias do meu tempo (vol. 3);199;R$ 21,00;6;Habilitado;03.15.01.0003-8;
Memórias do Senado (Conselho Editorial);728;R$ 17,00;145;Habilitado;03.14.11.0022-5;
Memórias para a história da capitania de São Vicente (vol. 129) - 9788570182777;201;R$ 20,00;27;Habilitado;03.15.01.0122-0;
Memórias para servir à história do reino do Brasil (vol. 180) - 9788570184542;539;R$ 17,00;2;Habilitado;03.15.01.0173-5;
Memórias secretas de Carlota Joaquina (vol. 130) - 9788570182715;202;R$ 14,00;24;Habilitado;03.15.01.0123-9;
Mercosul: Legislação e Textos Básicos;363;R$ 25,00;12;Habilitado;03.14.12.0020-3;
Meu caminho para Brasília - A, B e C (vol. 201) - 9788570185433; ;R$ 87,00;3;Habilitado;03.15.01.0192-1;
Mídia das fontes – um novo ator no cenário jornalístico brasileiro;508;R$ 20,00;-4;Habilitado;03.14.11.0013-6;
Minha Formação (Coleção Biblioteca Básica Brasileira);50;R$ 20,00;12;Habilitado;03.15.01.0262-6;
Missão Rondon: apontamentos sobre os trabalhos realizados pela Comissão de Linhas Telegráficas Estratégicas de Mato Grosso ao Amazonas, sob a direção do Coronel de Engenharia Cândido Mariano da Silva Rondon, de 1907 a 1915 (vol. 8) - 9788570183835;203;R$ 18,00;38;Habilitado;03.15.01.0008-9;
Mulher - 9788570186553;668.1;R$ 18,00;175;Habilitado;03.14.04.0011-0;
Na Planície Amazônica (Coleção Brasil 500 Anos);32;R$ 15,00;2;Habilitado;03.15.01.0249-9;
Narrativa da perseguição (vol. 125);205;R$ 3,00;11;Habilitado;03.15.01.0118-2;
Narrativa de serviços no libertar-se o Brasil da dominação portuguesa (vol. 16);206;R$ 10,00;31;Habilitado;03.15.01.0015-1;
Nas selvas do Brasil (vol. 141) - 9788570183095;207;R$ 10,00;4;Habilitado;03.15.01.0134-4;
Naus no Brasil Colônia (vol. 88);208;R$ 24,00;29;Habilitado;03.15.01.0081-0;
Ney Braga, política e modernidade (vol. 96);210;R$ 15,00;37;Habilitado;03.15.01.0089-5;
No Brasil, do rio São Francisco ao Amazonas (vol. 71);209;R$ 12,00;5;Habilitado;03.15.01.0064-0;
Norte do Brasil: através do Amazonas, do Pará e do Maranhão (vol. 159) - 9788570183774;211;R$ 10,00;9;Habilitado;03.15.01.0152-2;
Nos Estados Unidos: impressões políticas e sociais (vol. 121);212;R$ 15,00;8;Habilitado;03.15.01.0114-0;
Notas sobre as casas de fazenda dos Inhamuns (vol. 185);214;R$ 5,00;13;Habilitado;03.15.01.0178-6;
O ano da Independência (vol. 138) - 9788570182753;216;R$ 17,00;2;Habilitado;03.15.01.0131-0;
O Barão do Rio Branco (vol. 191) - 9788570184948;590;R$ 34,00;15;Habilitado;03.15.01.0183-2;
O Brasil holandês sob o conde João Maurício de Nassau (vol. 43);684;R$ 32,00;12;Habilitado;03.15.01.0038-0;
O Brasil no pensamento brasileiro (vol. 55) - 9788570183675;218;R$ 49,00;8;Habilitado;03.15.01.0049-6;
O cavalo: grandeza e legado - a família equídea e o que ela inspirou (vol. 163) - 9788570183941;219;R$ 25,00;7;Habilitado;03.15.01.0156-5;
O Discurso Autoritário de Cairu (Coleção Brasil 500 Anos);34;R$ 15,00;26;Habilitado;03.15.01.0248-0;
O Estado Independente do Acre e J. Plácido de Castro: excertos históricos (vol. 56);222;R$ 10,00;48;Habilitado;03.15.01.0050-0;
O Estado Nacional (Coleção Biblioteca Básica Brasileira);52;R$ 20,00;5;Habilitado;03.15.01.0264-2;
O guarani (vol. 235) - 9788570188076;760;R$ 10,00;38;Habilitado;03.15.01.0215-4;
O Legislativo Brasileiro: funcionamento, composição e opinião pública - 9788570183965;440;R$ 25,00;36;Habilitado;03.14.10.0003-4;
O massacre de Alto Alegre (vol. 215);706;R$ 13,00;-100;Habilitado;03.15.01.0201-4;
O meio circulante no Brasil: a moeda fiduciária no Brasil de 1771 a 1900 (Parte III) (vol. 60);223;R$ 48,00;14;Habilitado;03.15.01.0053-4;
O meu dicionário de cousas da Amazônia (vol. 175) - 9788570184412;524;R$ 20,00;17;Habilitado;03.15.01.0168-9;
O moderno Príncipe: Maquiavel revisitado (vol. 147);224;R$ 8,00;21;Habilitado;03.15.01.0140-9;
O Nordeste brasileiro (vol. 237) - 9788570187819;754;R$ 16,00;33;Habilitado;03.15.01.0217-0;
O Oiapoque e o Amazonas (Vol. 193) - 9788570187789;742;R$ 48,00;14;Habilitado;03.15.01.0185-9;
O presidente Campos Sales na Europa (vol. 40);228;R$ 8,00;17;Habilitado;03.15.01.0035-6;
O Quilombo de Frechal (vol. 81) - 9788570182616;229;R$ 17,00;20;Habilitado;03.15.01.0074-7;
O rei dos jagunços (vol. 179) - 9788570184382;541;R$ 16,00;1;Habilitado;03.15.01.0172-7;
O Rio de Janeiro como é (1824-1826) (vol. 154) - 9788570183514;230;R$ 12,00;1;Habilitado;03.15.01.0147-6;
O Rio de Janeiro do meu tempo (vol. 1);231;R$ 16,00;20;Habilitado;03.15.01.0001-1;
O Senado Federal em Perguntas e Respostas;443;R$ 8,00;43;Habilitado;03.14.11.0055-1;
O Senado nas Constituições brasileiras - 9788570185365; ;R$ 3,00;38;Habilitado;03.14.01.0007-8;
O senhor da Pedra: produções e usos das memórias sobre Delmiro Gouveia (1940-1980) (vol. 229) - 9788570187482;715;R$ 39,00;6;Habilitado;03.15.01.0213-8;
O Supremo Tribunal Federal e as Comissões Parlamentares de Inquérito;444;R$ 30,00;18;Habilitado;03.14.11.0051-9;
O Tenente-General Napione - 9788590431046;446;R$ 10,00;26;Habilitado;03.14.11.0054-3;
O Tratado de limites Brasil-Peru (vol. 127);234;R$ 10,00;28;Habilitado;03.15.01.0120-4;
Obras de Arte do Senado Federal: catálogo do acervo (Conselho Editorial);448;R$ 31,00;-100;Habilitado;03.15.01.0288-0;
Observações sobre a Franqueza da Indústria e Estabelecimento de Fábricas no Brasil (Coleção Biblioteca Básica Brasileira);53;R$ 10,00;6;Habilitado;03.15.01.0269-3;
Oito Anos de Parlamento (Coleção Biblioteca Básica Brasileira);54;R$ 15,00;18;Habilitado;03.15.01.0270-7;
Origens da legislação trabalhista brasileira (vol. 216) - 9788570186706;668;R$ 37,00;5;Habilitado;03.15.01.0202-2;
Os caminhos de Garibaldi na América (vol. 112);236;R$ 8,00;14;Habilitado;03.15.01.0105-0;
Os deputados brasileiros nas Cortes Gerais de 1821 (vol. 12);237;R$ 12,00;11;Habilitado;03.15.01.0011-9;
Os Inconfidentes José de Resende Costa (Pai e Filho) e o Arraial da Laje;449;R$ 5,00;17;Habilitado;03.14.11.0014-4;
Os meus balões (vol. 198) - 9788570185419; ;R$ 15,00;32;Habilitado;03.15.01.0189-1;
Os Papagaios Amarelos (vol. 102);240;R$ 11,00;40;Habilitado;03.15.01.0095-0;
Paisagens brasileiras (vol. 89);241;R$ 8,00;23;Habilitado;03.15.01.0082-8;
Pantanal Pioneiros: álbum gráfico e genealógico de pioneiros na ocupação do Pantanal (vol. 95);242;R$ 50,00;31;Habilitado;03.15.01.0088-7;
Parlasul: o espaço político da integração (vol. 218) - 9788570186935;678;R$ 23,00;37;Habilitado;03.15.01.0204-9;
Paróquias potiguares: uma história (vol. 217) - 9788570186669;671;R$ 112,00;11;Habilitado;03.15.01.0203-0;
Patrimônio Cultural - 9788570185594;563;R$ 14,00;101;Habilitado;03.14.04.0012-8;
Pluto Brasiliensis (vol. 140) - 9788570183118;243;R$ 25,00;30;Habilitado;03.15.01.0133-6;
Populações meridionais do Brasil (vol.27);244;R$ 26,00;0;Habilitado;03.15.01.0022-4;
Por um Tribunal de Justiça para a Unasul -9788570185587;10002;R$ 8,00;159;Habilitado;03.14.11.0016-0;
Presidencialismo no Brasil: história, organização e funcionamento - 9788570186744;669;R$ 15,00;52;Habilitado;03.14.11.0017-9;
Presidencialismo ou Parlamentarismo? (Coleção Biblioteca Básica Brasileira);56;R$ 20,00;3;Habilitado;03.15.01.0268-5;
Primeira Infância: ideias e intervenções oportunas - 9788570184603;451;R$ 25,00;5;Habilitado;03.14.11.0024-1;
Produção normativa em saúde: políticas setoriais e regulação - 9788570184450;247;R$ 10,00;17;Habilitado;03.14.11.0065-9;
Proposta de Sistema Tributário - 9788570182593;452;R$ 10,00;20;Habilitado;03.14.11.0018-7;
Quadro comparativo do Código de Processo Civil - 2ª edição - 9788570187284;768;R$ 10,00;329;Habilitado;03.14.12.0012-2;
Quando Mudam as Capitais (Coleção Biblioteca Básica Brasileira);57;R$ 20,00;1;Habilitado;03.15.01.0238-3;
Questões de limites: Guiana Francesa (vol. 97);248;R$ 12,00;18;Habilitado;03.15.01.0090-9;
Raízes da Intolerância: inquisição e sodomitas em Pernambuco (vol. 227) - 9788570187437;712;R$ 10,00;27;Habilitado;03.15.01.0211-1;
Rã-txa hu-ni-ku-i: gramática, textos e vocabulário caxinauás (vol. 200) - 9788570185426;637;R$ 65,00;31;Habilitado;03.15.01.0191-3;
Recordações da campanha do Paraguai (vol. 72);249;R$ 5,00;1;Habilitado;03.15.01.0065-8;
Recordações de guerra e de viagem (vol. 99);250;R$ 15,00;41;Habilitado;;
Regimento Comum do Congresso Nacional - 2015; ;R$ 9,00;13;Habilitado;03.14.12.0016-5;
Regimento Interno do Senado Federal - Vols. I e II - 2016;714;R$ 18,00;62;Habilitado;03.14.02.0009-9;
Relatório Cruls: Relatório da Comissão Exploradora do Planalto Central do Brasil (vol. 22);251;R$ 10,00;11;Habilitado;03.15.01.0017-8;
Releitura: Compilação de textos para discussão – Nº 1 - 9772179315001;457;R$ 10,00;19;Habilitado;03.14.11.0039-0;
Releitura: Compilação de textos para discussão – Nº 2 - 9772179315001;458;R$ 10,00;10;Habilitado;03.14.11.0040-3;
Releitura: Compilação de textos para discussão – Nº 3 - 9772179315001;459;R$ 10,00;17;Habilitado;03.14.11.0041-1;
Releitura: Compilação de textos para discussão – Nº 4 - 9772179315001;460;R$ 10,00;18;Habilitado;03.14.11.0036-5;
Releitura: Compilação de textos para discussão – Nº 5 - 9772179315001;461;R$ 30,00;22;Habilitado;03.14.11.0037-3;
Reminiscências da Guerra do Paraguai (vol. 152) - 9788570183460;252;R$ 15,00;4;Habilitado;03.15.01.0145-0;
Reminiscências de viagens e permanências no Brasil: províncias do Norte (vol. 103);253;R$ 12,00;15;Habilitado;03.15.01.0096-8;
Resgate da reforma política: diversidade e pluralismo no legislativo - 9788570185730; ;R$ 24,00;120;Habilitado;03.14.11.0019-5;
Revista Americana: uma iniciativa pioneira de cooperação intelectual (1909-1919) (Coleção Brasil 500 anos);12;R$ 20,00;27;Habilitado;03.15.01.0284-7;
Revista de Informação Legislativa - Assinatura 2017;732;R$ 60,00;113;Habilitado;0;
Revista de Informação Legislativa - Assinatura 2018;796;R$ 40,00;86;Habilitado;;
Revista de Informação Legislativa - RIL - Nº 184;492;R$ 10,00;12;Habilitado;03.14.13.0013-5;
Revista de Informação Legislativa - RIL - Nº 200 - 2013 - 9770034835008; ;R$ 15,00;162;Habilitado;03.14.13.0008-9;
Revista de Informação Legislativa - RIL - Nº 207 - 2015 - 9770034835008;681;R$ 15,00;42;Habilitado;03.14.13.0009-7;
Revista de Informação Legislativa - RIL - Nº 208 - 2015 - 9770034835008;682;R$ 15,00;43;Habilitado;03.14.13.0010-0;
Revista de Informação Legislativa - RIL - Nº 209 - 2016 - 9770034835008;711;R$ 15,00;2;Habilitado;03.14.13.0001-1;
Revista de Informação Legislativa - RIL - Nº 210 - 2016 - 9770034835008;725;R$ 15,00;40;Habilitado;;
Revista de Informação Legislativa - RIL - Nº 211 - 2016 - 9770034835008;726;R$ 15,00;41;Habilitado;03.14.13.0002-0;
Revista de Informação Legislativa - RIL - Nº 212 - 2016 - 9770034835008;730;R$ 15,00;15;Habilitado;03.14.13.0004-6;
Revista de Informação Legislativa - RIL - Nº 213 - 2017 - 9770034835008;745;R$ 15,00;44;Habilitado;03.14.13.0005-4;
Revista de Informação Legislativa - RIL - Nº 214 - 2017 - 9770034835008;788;R$ 15,00;16;Habilitado;03.14.13.0006-2;
Revista de Informação Legislativa - RIL - Nº 215 - 2017 - 9770034835008;789;R$ 15,00;9;Habilitado;03.14.13.0007-0;
Revista de Informação Legislativa - RIL - Nº 216 - 2017 - 9770034835008;795;R$ 15,00;4;Habilitado;;
Rio São Francisco das Alagoas: histórias, lendas, terra e gente (vol. 162) - 9788570183859;254;R$ 69,00;11;Habilitado;03.15.01.0155-7;
Rodrigues Alves: apogeu e declínio do presidencialismo – Volumes 1 e 2 (Coleção Biblioteca Básica Brasileira);58;R$ 40,00;11;Habilitado;03.15.01.0266-9;
Segredos e revelações da história do Brasil Tomo I, II, III e IV (vol. 174) - 9788570184498;540;R$ 50,00;13;Habilitado;03.15.01.0167-0;
Segunda Viagem a São Paulo e Quadro Histórico da Província de São Paulo (vol. 198) - 9788570184887;76.1;R$ 15,00;33;Habilitado;03.15.01.0182-4;
Segurança Pública Normas e Regulamentos - 2012 - 9788570184696;370;R$ 5,00;15;Habilitado;03.14.12.0013-0;
Sistemas Políticos e o Modelo Brasileiro (Edições Unilegis de Ciência Política) - 9788570184580;454;R$ 10,00;18;Habilitado;03.14.07.0001-6;
Sua Majestade O Presidente do Brasil (Coleção O Brasil Visto por Estrangeiros);402;R$ 15,00;10;Habilitado;03.15.01.0226-0;
Temas e agendas para o desenvolvimento sustentável - 9788570184641;515;R$ 14,00;11;Habilitado;03.14.11.0057-8;
Testamento político (vol. 169) - 9788570184139;255;R$ 17,00;0;Habilitado;03.15.01.0162-0;
The Federal Senate: questions and answers - 9788570185082;549;R$ 8,00;164;Habilitado;03.14.10.0002-6;
Três ensaios de história colonial (vol. 86);258;R$ 8,00;19;Habilitado;03.15.01.0079-8;
Turismo - 9788570186461;674;R$ 6,00;259;Habilitado;03.14.04.0013-6;
Um diplomata na corte de Inglaterra: o Barão do Penedo e sua época (vol. 74) - 9788570184375;259;R$ 16,00;14;Habilitado;03.15.01.0067-4;
Um paraíso perdido: reunião de ensaios amazônicos (vol. 113);260;R$ 23,00;-100;Habilitado;03.15.01.0106-9;
Um passeio pela cidade do Rio de Janeiro (vol. 42);261;R$ 33,00;4;Habilitado;03.15.01.0037-2;
Uma festa brasileira (vol. 150) - 9788570183811;262;R$ 6,00;9;Habilitado;03.15.01.0143-3;
Uma viagem ao Rio Grande do Sul (vol. 219) - 9788570186942;710;R$ 35,00;14;Habilitado;03.15.01.0205-7;
Urbanidade do sobrado: um estudo sobre a arquitetura do sobrado de São Luís (vol. 184);263;R$ 32,00;4;Habilitado;03.15.01.0177-8;
Viagem a um país de selvagens (vol. 164) - 9788570184191;265;R$ 12,00;17;Habilitado;03.15.01.0157-3;
Viagem ao Brasil (1865-1866) (Coleção O Brasil Visto por Estrangeiros);404;R$ 20,00;-98;Habilitado;03.15.01.0224-3;
Viagem ao Rio da Prata e ao Rio Grande do Sul (vol. 61);266;R$ 21,00;27;Habilitado;03.15.01.0054-2;
Viagem fluvial do Tietê ao Amazonas: de 1825 a 1829 (vol. 93);267;R$ 12,00;10;Habilitado;03.15.01.0086-0;
Viagem pelo Brasil - vol. 244 (3v.) - 9788570188762;799;R$ 70,00;22;Habilitado;;
Viagem pelo rio Amazonas: cartas do “mundus alter” (vol. 151) - 9788570183446;268;R$ 6,00;19;Habilitado;03.15.01.0144-1;
Viagem pitoresca pelos rios Paraná, Paraguai, São Lourenço, Cuiabá e o Arinos (vol. 101);718;R$ 5,00;5;Habilitado;03.15.01.0094-1;
Viajando com Langsdorff - Edição Especial (vol. 195) - 9788570185099;731;R$ 35,00;5;Habilitado;03.15.01.0186-7;
Vida: uma poesia ao cerrado;271;R$ 30,00;24;Habilitado;03.14.11.0020-9;
Vocabulário da Política (Edições Unilegis de Ciência Política) - 9788570183224;455;R$ 12,00;280;Habilitado;03.14.11.0043-8;
Vultos e retratos (vol. 117);272;R$ 18,00;85;Habilitado;03.15.01.0110-7;
Wawekrurê – Distintos Olhares (vol. 213) - 9788570186454;658;R$ 34,00;35;Habilitado;03.15.01.0231-6;
450 Anos da Cidade de São Paulo - 3 Volumes - Edição Comemorativa;274;R$ 50,00;-10;Desabilitado;;
A Abolição do Comércio Brasileiro de Escravos (Coleção Biblioteca Básica Brasileira);15;R$ 20,00;-1;Desabilitado;;
A Amazônia e a Integridade do Brasil (Coleção Brasil 500 Anos);7;R$ 15,00;-10;Desabilitado;;
A Base Física do Espírito (vol. 53);96;R$ 12,00;-1;Desabilitado;;
A Campanha de Canudos (vol. 5);97;R$ 10,00;-1;Desabilitado;;
A Educação e a Sociedade Civil - LDB;532;R$ 5,00;-1;Desabilitado;;
A evolução do sistema eleitoral brasileiro (Coleção Biblioteca Básica Brasileira);16;R$ 20,00;-10;Desabilitado;;
A ilusão americana (vol. 11);102;R$ 8,00;-1;Desabilitado;;
A Independência e o Império do Brasil (vol. 18);103;R$ 13,00;-10;Desabilitado;;
A Propriedade (Coleção História do Direito Brasileiro);292;R$ 0,00;-10;Desabilitado;;
A Querela do Estatismo (Coleção Biblioteca Básica Brasileira);746;R$ 100,00;-10;Desabilitado;;
A questão geopolítica da Amazônia (vol. 64);107;R$ 46,00;-1;Desabilitado;;
A renúncia de Jânio (Coleção Biblioteca Básica Brasileira);722;R$ 9,00;-10;Desabilitado;;
A verdade como regra das ações (vol. 51);109;R$ 7,00;-1;Desabilitado;;
ABC das Alagoas, dicionário biobibliográfico, histórico e geográfico de Alagoas;112;R$ 50,00;-2;Desabilitado;;
Acordo Ortográfico da Língua Portuguesa;310;R$ 5,00;-10;Desabilitado;;
Acordo Ortográfico da Língua Portuguesa - 2ª edição (2013); ;R$ 5,00;-8;Desabilitado;;
Administração Pública Normas e Regulamentos - 2012;518;R$ 10,00;-10;Desabilitado;;
Administração Pública Normas e Regulamentos - 2012;311;R$ 10,00;-10;Desabilitado;;
Agenda 21 - 3ª Edição;413;R$ 10,00;-10;Desabilitado;;
Agenda Senado 2011 (Curvim);411;R$ 20,00;-10;Desabilitado;;
Agenda Senado 2011 (Curvim);410;R$ 20,00;-10;Desabilitado;;
Agenda Senado 2012;412;R$ 20,00;-10;Desabilitado;;
Agenda Senado 2013;516;R$ 30,00;-10;Desabilitado;;
Agenda Senado 2014;560;R$ 30,00;-10;Desabilitado;;
Agenda Senado 2015; ;R$ 30,00;-10;Desabilitado;;
Agenda Senado Cultural;409;R$ 20,00;-10;Desabilitado;;
Álbum ilustrado do Estado de Alagoas (Conselho Editorial);720;R$ 18,00;-1;Desabilitado;;
Aldeamento dos Acoroás (VII vol. – Coleção Centenário) - 9788564231146;528;R$ 5,00;-4;Desabilitado;0;
Americanidade – Mercosul: passaporte para a integração (vol. 128);116;R$ 30,00;-1;Desabilitado;;
Análise e Representação de Assuntos: Diretrizes para a Rede Virtual de Bibliotecas - RVBI;414;R$ 15,00;-100;Desabilitado;03.14.11.0059-4;
Anteprojeto de Reforma do Código de Processo Penal;312;R$ 5,00;-10;Desabilitado;;
Anteprojeto do Novo Código de Processo Civil;313;R$ 10,00;-10;Desabilitado;;
As coletividades anormais (vol. 76);124;R$ 8,00;-1;Desabilitado;;
Assédio;692;R$ 6,00;-10;Desabilitado;;
Brasil: Amazonas-Xingu (Coleção O Brasil Visto Por Estrangeiros);396;R$ 20,00;-1;Desabilitado;;
Brasil: Terra e Gente – 1871 (Coleção O Brasil Visto Por Estrangeiros);397;R$ 20,00;-1;Desabilitado;;
Brasileiras Célebres (Conselho Editorial);375;R$ 10,00;-10;Desabilitado;;
Canudos e outros temas (vol. 2);135;R$ 8,00;-1;Desabilitado;;
CD-ROM - Coleção Constituições Brasileiras - 9788570184597;388;R$ 10,00;-9;Desabilitado;;
CD-ROM - Conselhos aos Governantes (Conselho Editorial);389;R$ 10,00;-4;Desabilitado;;
CD-ROM - Constituição Federal - 64ª Emenda;390;R$ 10,00;-10;Desabilitado;;
CD-ROM - Legislação Republicana Brasileira;391;R$ 20,00;-4;Desabilitado;;
CD-ROM - Manual Bibliográfico de Estudos Brasileiros (Conselho Editorial);392;R$ 10,00;-10;Desabilitado;;
CD-ROM - Textos Políticos da História do Brasil - 2011;393;R$ 20,00;-1;Desabilitado;;
CD-ROM - Vocabulário Controlado Básico - VCB;417;R$ 10,00;-10;Desabilitado;;
Cidades históricas – inventário e pesquisa: Parati (vol. 84);136;R$ 25,00;-1;Desabilitado;;
Cidades históricas – inventário e pesquisa: Tiradentes (vol. 83);138;R$ 41,00;-1;Desabilitado;;
Ciência e Tecnologia;314;R$ 10,00;-10;Desabilitado;;
Código Civil - Quadro Comparativo 1916/2002;315;R$ 20,00;-10;Desabilitado;;
Codigo Criminal do Imperio do Brazil annotado (Coleção História do Direito Brasileiro);293;R$ 0,00;-10;Desabilitado;;
Código de Processo Civil;317;R$ 15,00;-10;Desabilitado;;
Código de Processo Civil 2015; ;R$ 15,00;-10;Desabilitado;;
Código de processo civil e legislação correlata - 6ª edição;526;R$ 15,00;-10;Desabilitado;;
Código de processo civil e normas correlatas – 10ª edição - 9788570187925;752;R$ 9,00;17;Desabilitado;;
Código de processo civil e normas correlatas - 7ª edição;649;R$ 15,00;-10;Desabilitado;;
Código de processo civil e normas correlatas - 8ª edição;663;R$ 15,00;-9;Desabilitado;;
Código de processo civil e normas correlatas – 9ª edição;690;R$ 13,00;-10;Desabilitado;;
Código de Proteção e Defesa do Consumidor;318;R$ 5,00;-10;Desabilitado;;
Código de Trânsito Brasileiro;319;R$ 10,00;-10;Desabilitado;;
Código Eleitoral Anotado e Legislação Complementar;320;R$ 20,00;-10;Desabilitado;;
Código Penal da República dos Estados Unidos do Brasil (Coleção História do Direito Brasileiro);294;R$ 30,00;-1;Desabilitado;;
Código Penal dos Estados Unidos do Brasil Comentado (Coleção História do Direito Brasileiro);295;R$ 40,00;-10;Desabilitado;;
Código Tributário Nacional;321;R$ 15,00;-10;Desabilitado;;
Coleção Ambiental Vol. I – Código de águas e Legislação Correlata;62;R$ 5,00;-10;Desabilitado;;
Coleção Ambiental Vol. III – Protocolo de Quioto e Legislação Correlata;63;R$ 5,00;-10;Desabilitado;;
Coleção Ambiental Vol. IV – Código Florestal;64;R$ 5,00;-10;Desabilitado;;
Coleção Ambiental Vol. IX – Educação e Consciência Ambientais;65;R$ 5,00;-10;Desabilitado;;
Coleção Ambiental Vol. VII – Saneamento Básico e Tratamento de Rejeitos e Resíduos - 9788570183996;67;R$ 5,00;-10;Desabilitado;;
Coleção Ambiental Vol. VIII – Unidades de Conservação da Natureza;68;R$ 5,00;-4;Desabilitado;0;
Coleção Ambiental Vol. X – Convenção Sobre Diversidade Biológica;69;R$ 5,00;-1;Desabilitado;;
Coleção Ciência Política;677;R$ 40,00;-1;Desabilitado;;
Coleção Constituições Brasileiras - Vol. I a VII;324;R$ 40,00;-10;Desabilitado;;
Coleção de Teses – “O Judiciário Legislador”;83;R$ 5,00;-4;Desabilitado;0;
Coleção de Teses – A Democracia Desconstruída. O déficit democrático nas relações internacionais e os parlamentos da integração;70;R$ 15,00;-4;Desabilitado;0;
Coleção de Teses – A imunidade recíproca e o fenômeno da repercussão tributária;71;R$ 5,00;-4;Desabilitado;;
Coleção de Teses – A Judicialização da Política e o Direito Eleitoral Brasileiro no Período 2002-2008;72;R$ 5,00;-4;Desabilitado;0;
Coleção de Teses – A polêmica construída: racismo e discurso da imprensa sobre a política de cotas para negros;73;R$ 10,00;-4;Desabilitado;0;
Coleção de Teses – A Subsidiariedade como Princípio de Organização do Estado e sua Aplicação no Federalismo;75;R$ 15,00;-4;Desabilitado;0;
Coleção de Teses – Análise da Ocorrência de Interfaces entre as Competências do Senado Federal;76;R$ 10,00;-4;Desabilitado;0;
Coleção de Teses – Bolívia: logística nacional e construção do Estado; ;R$ 25,00;-4;Desabilitado;0;
Coleção de Teses – Construindo e gerenciando estrategicamente a agenda legislativa do Executivo: o fenômeno da Apropriação; ;R$ 40,00;-4;Desabilitado;0;
Coleção de Teses – Imagens Cruzadas: A opinião pública e o Congresso Nacional;80;R$ 10,00;-4;Desabilitado;0;
Coleção de Teses – O impacto da gestão de documentos no processo de produção digital da TV Senado;82;R$ 10,00;-4;Desabilitado;0;
Coleção de Teses – O papel dos atores institucionais na aprovação de emendas orçamentárias de bancadas estaduais entre 2007 e 2011; ;R$ 20,00;-4;Desabilitado;0;
Coleção de Teses – Política externa independente (1961-1964): o parlamento e o caso do colonialismo português na África;85;R$ 5,00;-4;Desabilitado;0;
Coleção de Teses – Programas de marketing social: proposição e exame de uma estrutura conceitual de avaliação de resultados;86;R$ 10,00;-4;Desabilitado;0;
Coleção de Teses – Tributação Pró-Competitiva: Critérios especiais de tributação e desequilíbrios da concorrência; ;R$ 20,00;-4;Desabilitado;0;
Coleção História dos fundadores do Império do Brasil (vol. 208 a 212);646;R$ 180,00;-1;Desabilitado;;
Coleção Leituras sobre a Cidadania;419;R$ 30,00;-10;Desabilitado;;
Coleção O Senado na História do Brasil (Arquivo S – Vol. 1) - 9788570186508;662;R$ 20,00;-4;Desabilitado;0;
Comentários à Constituição Brasileira de 1891 (Conselho Editorial);283;R$ 30,00;-10;Desabilitado;;
Conselhos aos governantes (vol. 15);141;R$ 20,00;-1;Desabilitado;;
Consolidação das Leis Civis (Coleção História do Direito Brasileiro);296;R$ 40,00;-10;Desabilitado;;
Constituição da República Federativa do Brasil (ebook);550;R$ 0,00;900;Desabilitado;;
Constituição Federal – 97ª Emenda – Modelo Livro – 9788570188939;782;R$ 16,00;-10;Desabilitado;03.14.01.0009-4;
Constituição Federal – 97ª Emenda – Modelo Separata - 9788570188229;781;R$ 4,00;-11;Desabilitado;;
Constitution of the Federative Republic of Brazil;332;R$ 10,00;-10;Desabilitado;;
Constitution of the Federative Republic of Brazil 1988 - Amendments 1/92 - through 72/2013 -9788570184986;527;R$ 12,00;-10;Desabilitado;03.14.01.0006-0;
Consumidor: CDC e normas correlatas - 9788570185631;605;R$ 12,00;-6;Desabilitado;;
Continuação da história das coisas mais memoráveis acontecidas no Maranhão nos anos de 1613 e 1614 (vol. 94);143;R$ 12,00;-1;Desabilitado;;
Correios e Telégrafos;333;R$ 5,00;-10;Desabilitado;;
CPI - GUIA DE REFERÊNCIA RÁPIDA DAS COMISSÕES NO SENADO FEDERAL E NO CONGRESSO NACIONAL 1974 A 2005;420;R$ 5,00;-10;Desabilitado;;
Crenças e Opiniões (Conselho Editorial);377;R$ 0,00;-10;Desabilitado;;
Criança e adolescente - 9788570186584;666;R$ 13,00;-9;Desabilitado;;
Crime e Sociedade;422;R$ 6,00;-4;Desabilitado;;
Curso de Direito Civil Brasileiro (Coleção História do Direito Brasileiro);297;R$ 40,00;-1;Desabilitado;;
"Curso de Direito Romano: história, sujeito e objeto do direito; instituições jurídicas (vol. 78)";149;R$ 30,00;-1;Desabilitado;;
De como todas as histórias do mundo podem escapar do monstro do esquecimento;423;R$ 11,00;-1;Desabilitado;;
De Profecia e Inquisição (vol. 110);150;R$ 18,00;2;Desabilitado;;
Dez Anos no Brasil (Coleção O Brasil Visto Por Estrangeiros);398;R$ 15,00;-10;Desabilitado;;
Diário da Assembléia Geral Constituinte e Legislativa do Império do Brasil: 1823 (vol. 6);152;R$ 71,00;-1;Desabilitado;;
Dicionário Biobibliográfico de Autores Brasileiros (Coleção Biblioteca Básica Brasileira);22;R$ 20,00;-2;Desabilitado;;
Direito das Coisas (Coleção História do Direito Brasileiro);298;R$ 40,00;-10;Desabilitado;;
Direito Penal Brazileiro (Segundo o Codigo Penal mandado executar pelo Decreto Nº 847, de 11 de outubro de 1890, e leis (Coleção História do Direito Brasileiro);301;R$ 0,00;-10;Desabilitado;;
Direitos Autorais (Coleção História do Direito Brasileiro);302;R$ 15,00;-10;Desabilitado;;
Direitos da Moradia, da Segurança e do Lazer;88;R$ 10,00;-10;Desabilitado;;
Direitos da Mulher, da Família e da Juventude;90;R$ 10,00;-10;Desabilitado;;
Direitos da Seguridade Social;91;R$ 10,00;-10;Desabilitado;;
Direitos das pessoas com deficiência - Cidadania: qualidade ao alcance de todos - 9788570185044;538;R$ 10,00;-10;Desabilitado;;
Direitos de Família (Coleção História do Direito Brasileiro);300;R$ 15,00;-4;Desabilitado;;
Direitos do Trabalhador;92;R$ 10,00;-10;Desabilitado;;
Direitos Humanos;334;R$ 10,00;-10;Desabilitado;;
Dois anos no Brasil (vol. 13);155;R$ 10,00;-1;Desabilitado;;
Doutrina constitucional brasileira: Constituição de 1946;157;R$ 54,00;-2;Desabilitado;;
DVD-ROM - 45 Anos da Revista de Informação Legislativa;394;R$ 10,00;-4;Desabilitado;;
Edifícios Públicos Sustentáveis - 9788570183415; ;R$ 15,00;-2;Desabilitado;;
Efemérides Brasileiras (Coleção Brasil 500 Anos);28;R$ 25,00;-10;Desabilitado;;
Elaborando a Constituição Nacional (Conselho Editorial);287;R$ 28,00;-4;Desabilitado;;
Eleições - 9788570187369;702;R$ 9,00;-10;Desabilitado;;
Emenda Constitucional nº 71;534;R$ 0,00;982;Desabilitado;;
Emenda Constitucional nº 72;535;R$ 0,00;982;Desabilitado;;
Estatuto da Cidade;336;R$ 5,00;-10;Desabilitado;;
Estatuto da Cidade e Desenvolvimento Urbano;162;R$ 10,00;-1;Desabilitado;;
Estatuto da Igualdade Racial - 9788570183507;339;R$ 1,00;-9;Desabilitado;;
Estatuto da Microempresa;340;R$ 5,00;-10;Desabilitado;;
Estatuto da Pessoa com Deficiência – 1ª edição;654;R$ 3,00;-10;Desabilitado;;
Estatuto do Desarmamento;341;R$ 5,00;-10;Desabilitado;;
Estatuto do Estrangeiro e Regulamentação;342;R$ 5,00;-10;Desabilitado;;
Estatuto do estrangeiro: regulamentação e legislação correlata; ;R$ 10,00;-10;Desabilitado;;
Estudos de Direito (Coleção História do Direito Brasileiro);303;R$ 20,00;-10;Desabilitado;;
Estudos de Direito Romano (vol. 122);163;R$ 24,00;-1;Desabilitado;;
Ética, Direito e Administração Pública;426;R$ 10,00;-10;Desabilitado;;
Ética, Direito e Administração Pública - 2012;427;R$ 10,00;-1;Desabilitado;;
Eu e Outras Poesias;757;R$ 10,00;-1;Desabilitado;;
Eu e outras poesias;512;R$ 10,00;-10;Desabilitado;;
Festas e Tradições Populares do Brasil (Coleção Biblioteca Básica Brasileira);23;R$ 20,00;-2;Desabilitado;;
Fundação de Belém do Pará: jornada de Francisco Caldera de Castelo Branco em 1616 (vol. 31);170;R$ 8,00;-1;Desabilitado;;
Glossário etimológico tupi-guarani: termos geográficos, geológicos, botânicos, zoológicos, históricos e folclóricos de origem tupi-guarani, incorporados ao idioma nacional (vol. 143);171;R$ 31,00;-2;Desabilitado;;
Governança pública - 9788570188014;754-1;R$ 4,00;-10;Desabilitado;;
Grandes Vultos que Honraram o Senado – Darcy Ribeiro;276;R$ 10,00;-1;Desabilitado;;
Hannah Arendt e o Declínio da Esfera Pública;428;R$ 10,00;-10;Desabilitado;;
Hannah Arendt e o declínio da esfera pública - 3ª edição (2014) - 9788570185334; ;R$ 4,00;27;Desabilitado;03.15.01.0267-7;
História da Capitania de São Vicente (vol. 25);173;R$ 6,00;-1;Desabilitado;;
História da cidade de São Paulo (vol. 23);174;R$ 14,00;-1;Desabilitado;;
História da Civilização Brasileira;24;R$ 20,00;-10;Desabilitado;;
História da literatura ocidental (vol. 107);177;R$ 109,00;-10;Desabilitado;;
História das Ideias Políticas no Brasil (Coleção Biblioteca Básica Brasileira);47;R$ 20,00;-2;Desabilitado;;
História do Brasil (Frei Vicente do Salvador) (vol. 131);179;R$ 21,00;-1;Desabilitado;;
História do Legislativo Brasileiro;429;R$ 50,00;-10;Desabilitado;;
História do Senado Brasileiro (Multimídia);430;R$ 20,00;-10;Desabilitado;;
História dos fundadores do Império do Brasil - Vol. I - José Bonifácio (vol. 208);641;R$ 21,00;-2;Desabilitado;;
Homens e pedras no desenho das fronteiras: a construção da fortaleza de São José de Macapá (1764/1782) (vol. 119);186;R$ 11,00;-2;Desabilitado;;
Instituições de Direito Civil Brasileiro (Coleção História do Direito Brasileiro);304;R$ 30,00;-10;Desabilitado;;
Introdução à Análise Política (Edições Unilegis de Ciência Política);431;R$ 4,00;-4;Desabilitado;0;
Introdução à Ciência Política (Edições Unilegis de Ciência Política);432;R$ 10,00;-4;Desabilitado;0;
Introdução à Filosofia Política (Edições Unilegis de Ciência Política);433;R$ 8,00;-1;Desabilitado;;
Joaquim Nabuco: revolucionário conservador (Coleção Biblioteca Básica Brasileira);49;R$ 15,00;-2;Desabilitado;;
Juscelino Kubitschek - 9788573658781;281;R$ 9,00;-4;Desabilitado;;
Legislação Consolidada do Servidor Público - 2012;345;R$ 10,00;-10;Desabilitado;;
Legislação Consolidada do Servidor Público - RJU;344;R$ 10,00;-10;Desabilitado;;
Legislação Desportiva;346;R$ 5,00;-10;Desabilitado;;
Legislação Desportiva - 4ª Edição;531;R$ 5,00;-10;Desabilitado;;
Legislação do Inquilinato e Normas Correlatas;347;R$ 5,00;-10;Desabilitado;;
Legislação Eleitoral e Política;348;R$ 10,00;-10;Desabilitado;;
Legislação Pesqueira;349;R$ 5,00;-10;Desabilitado;;
Legislação sobre Direitos Autorais;350;R$ 10,00;-10;Desabilitado;;
Lei Antidrogas;351;R$ 4,00;-10;Desabilitado;;
Lei de Diretrizes e Bases da Educação;352;R$ 5,00;-10;Desabilitado;;
Lei de Diretrizes Orçamentárias (2008);353;R$ 5,00;-10;Desabilitado;;
Lei de Diretrizes Orçamentárias 2010;354;R$ 5,00;-10;Desabilitado;;
Lei de Falências e Legislação Correlata;355;R$ 5,00;-10;Desabilitado;;
Lei de Imprensa;356;R$ 5,00;-10;Desabilitado;;
Lei de Informática e Automação;357;R$ 5,00;-10;Desabilitado;;
Lei de informática e automação e normas correlatas - 2013;522;R$ 5,00;-10;Desabilitado;;
Lei de Responsabilidade Fiscal - 2012;359;R$ 3,00;-1;Desabilitado;;
Lei do Turismo e Legislação Correlata;361;R$ 5,00;-10;Desabilitado;;
Lei Maria da Penha e Legislação Correlata - 9788570183828;362;R$ 2,00;-1;Desabilitado;;
Lições de Direito Criminal (Coleção História do Direito Brasileiro);305;R$ 0,00;-10;Desabilitado;;
Luiz Carlos Prestes: o Constituinte, o Senador (1946-1948) (vol. 10);195;R$ 78,00;-10;Desabilitado;;
Machado de Assis e a Administração Pública Federal (vol. 68);196;R$ 14,00;-2;Desabilitado;;
Manual de Direito para Engenheiros e Arquitetos;919;R$ 10,00;-1;Desabilitado;;
Manual de Eventos do Senado Federal;437;R$ 25,00;-10;Desabilitado;;
Manual de Jornalismo da Radiobrás;438;R$ 20,00;-10;Desabilitado;;
Microempreendedor individual (Mei) - primeiro degrau de atividade empresarial legalizada;537;R$ 15,00;-1;Desabilitado;;
Na Capitania de São Vicente (vol. 24);204;R$ 15,00;-1;Desabilitado;;
Neurociências e Educação na Primeira Infância;741;R$ 5,00;-1;Desabilitado;;
Nota Promissória (Coleção História do Direito Brasileiro);307;R$ 22,00;-4;Desabilitado;;
Notas para a história do Ceará (vol. 29);213;R$ 18,00;-1;Desabilitado;;
O abolicionismo (vol. 7);215;R$ 14,00;-1;Desabilitado;;
O Brasil holandês sob o Conde João Maurício de Nassau;217;R$ 50,00;-10;Desabilitado;;
O Brasil no Pensamento Brasileiro;33;R$ 49,00;-10;Desabilitado;;
O Brasil Social e outros Estudos Sociológicos (Coleção Biblioteca Básica Brasileira);51;R$ 20,00;-1;Desabilitado;;
O Código Penal Interpretado (Coleção História do Direito Brasileiro);308;R$ 40,00;-10;Desabilitado;;
O ensino público (vol. 4);220;R$ 9,00;-1;Desabilitado;;
O mundo interior (vol. 52);225;R$ 16,00;-1;Desabilitado;;
O ocaso do Império (vol. 26);226;R$ 11,00;-1;Desabilitado;;
O Poder Moderador na República Presidencial (Conselho Editorial);291;R$ 10,00;-10;Desabilitado;;
O Quinze;766 A;R$ 10,00;-1;Desabilitado;;
O Rio de Janeiro no Tempo dos Vice-Reis;35;R$ 20,00;-10;Desabilitado;;
O Rio de Janeiro no Tempo dos Vice-Reis (vol. 126);232;R$ 29,00;-2;Desabilitado;;
O Senado e seus Presidentes;441;R$ 30,00;-10;Desabilitado;;
O Senado Federal Brasileiro no Pós-Constituinte;442;R$ 20,00;-10;Desabilitado;;
O Supremo Tribunal Federal e o Controle Jurisdicional da Atuação do Poder Legislativo;445;R$ 30,00;-10;Desabilitado;;
O tráfico de escravos do Brasil para o rio da Prata (vol. 132) - 9788570182722;233;R$ 12,00;-2;Desabilitado;;
O Tratado de Madrid - Tomos I e II (Coleção Memória Brasileira);447;R$ 20,00;-2;Desabilitado;;
O velho Senado (vol. 37);235;R$ 2,00;-1;Desabilitado;;
Orientações editoriais; ;R$ 0,00;100;Desabilitado;;
Os jogos do poder;656;R$ 6,00;-1;Desabilitado;;
Os livros, nossos amigos (vol. 80);238;R$ 13,00;-1;Desabilitado;;
Os Muckers: episódio histórico ocorrido nas colônias alemãs do Rio Grande do Sul (vol. 32);239;R$ 13,00;-2;Desabilitado;;
Palavra de Presidente: A Oratória dos Presidentes do Senado - Sob o Signo de Rui Barbosa;450;R$ 30,00;-10;Desabilitado;;
Pareceres dos Consultores Jurídicos do Itamaraty (1903-1912) (Coleção Brasil 500 Anos);36;R$ 10,00;-10;Desabilitado;;
Pareceres dos Consultores Jurídicos do Itamaraty (1913-1934) (Coleção Brasil 500 Anos);37;R$ 20,00;-10;Desabilitado;;
Pareceres dos Consultores Jurídicos do Itamaraty (1935-1945) (Coleção Brasil 500 Anos);38;R$ 0,00;-10;Desabilitado;;
Pareceres dos Consultores Jurídicos do Itamaraty (1946-1951) (Coleção Brasil 500 Anos);39;R$ 0,00;-10;Desabilitado;;
Pareceres dos Consultores Jurídicos do Itamaraty (1952-1960) (Coleção Brasil 500 Anos);40;R$ 0,00;-10;Desabilitado;;
Pareceres dos Consultores Jurídicos do Itamaraty (1972-1984);9;R$ 25,00;-10;Desabilitado;;
Pareceres dos Consultores Jurídicos do Itamaraty (1972-1984) (Coleção Brasil 500 Anos);42;R$ 25,00;-10;Desabilitado;;
Pareceres dos Consultores Jurídicos do Itamaraty (1985-1990);43;R$ 25,00;-10;Desabilitado;;
Pareceres dos Consultores Jurídicos do Itamaraty (1985-1990) (Coleção Brasil 500 Anos);10;R$ 25,00;-10;Desabilitado;;
Partidos políticos brasileiros: programas e diretrizes doutrinárias;593;R$ 15,00;-10;Desabilitado;;
Patrimônio Imaterial - 9788570184214;364;R$ 3,00;-10;Desabilitado;;
Plano Nacional de Educação: construção e perspectivas - 9788540202993;631;R$ 15,00;4;Desabilitado;;
Por que construí Brasília (vol. 70);245;R$ 18,00;-1;Desabilitado;;
Portugal & Brasil: dos afonsinos aos braganças – origens, governos, leis e justiça (vol. 111);246;R$ 31,00;-10;Desabilitado;;
Previdência, Saúde e Seguros Privados - Leis Complementares e Normas Correlatas;365;R$ 5,00;-10;Desabilitado;;
Produto Homologação; ;R$ 1,00;-10;Desabilitado;;
Quadro comparativo do Código de Processo Civil - 9788570187284;685;R$ 15,00;10;Desabilitado;;
Regimento Comum do Congresso Nacional - 2011;366;R$ 10,00;-10;Desabilitado;;
Regulamento Administrativo do Senado Federal (Resolução nº 20, de 2015);713;R$ 15,00;-1;Desabilitado;;
Regulamento Administrativo do Senado Federal (Resolução nº 40, de 2014); ;R$ 15,00;-10;Desabilitado;;
Releitura: Compilação de textos para discussão - Assinatura 2012;456;R$ 60,00;-10;Desabilitado;;
Reminiscências de Viagens e Permanência no Brasil – RJ e SP (Coleção O Brasil Visto por Estrangeiros);400;R$ 20,00;-1;Desabilitado;;
Revista de Informação Legislativa - Assinatura 2013;511;R$ 50,00;-10;Desabilitado;;
Revista de Informação Legislativa - Assinatura 2014;548;R$ 50,00;-10;Desabilitado;;
Revista de Informação Legislativa - Assinatura 2015;612;R$ 50,00;-10;Desabilitado;;
Revista de Informação Legislativa - Assinatura 2016;672;R$ 60,00;-10;Desabilitado;;
Revista de Informação Legislativa - RIL - Nº 161;469;R$ 10,00;-10;Desabilitado;;
Revista de Informação Legislativa - RIL - Nº 162;470;R$ 10,00;-10;Desabilitado;;
Revista de Informação Legislativa - RIL - Nº 163;471;R$ 10,00;-10;Desabilitado;;
Revista de Informação Legislativa - RIL - Nº 164;472;R$ 10,00;-10;Desabilitado;;
Revista de Informação Legislativa - RIL - Nº 165;473;R$ 10,00;-10;Desabilitado;;
Revista de Informação Legislativa - RIL - Nº 166;474;R$ 10,00;-10;Desabilitado;;
Revista de Informação Legislativa - RIL - Nº 167;475;R$ 10,00;-10;Desabilitado;;
Revista de Informação Legislativa - RIL - Nº 168;476;R$ 10,00;-10;Desabilitado;;
Revista de Informação Legislativa - RIL - Nº 169;477;R$ 10,00;-10;Desabilitado;;
Revista de Informação Legislativa - RIL - Nº 170;478;R$ 10,00;-10;Desabilitado;;
Revista de Informação Legislativa - RIL - Nº 171;479;R$ 10,00;-10;Desabilitado;;
Revista de Informação Legislativa - RIL - Nº 172;480;R$ 10,00;-10;Desabilitado;;
Revista de Informação Legislativa - RIL - Nº 173;481;R$ 10,00;-10;Desabilitado;;
Revista de Informação Legislativa - RIL - Nº 174;482;R$ 10,00;-10;Desabilitado;;
Revista de Informação Legislativa - RIL - Nº 175;483;R$ 10,00;-10;Desabilitado;;
Revista de Informação Legislativa - RIL - Nº 176;484;R$ 10,00;-10;Desabilitado;;
Revista de Informação Legislativa - RIL - Nº 177;485;R$ 10,00;-10;Desabilitado;;
Revista de Informação Legislativa - RIL - Nº 178;486;R$ 10,00;-10;Desabilitado;;
Revista de Informação Legislativa - RIL - Nº 179;487;R$ 10,00;-10;Desabilitado;;
Revista de Informação Legislativa - RIL - Nº 180;488;R$ 10,00;-1;Desabilitado;;
Revista de Informação Legislativa - RIL - Nº 181;489;R$ 10,00;-4;Desabilitado;0;
Revista de Informação Legislativa - RIL - Nº 182;490;R$ 10,00;-4;Desabilitado;0;
Revista de Informação Legislativa - RIL - Nº 183;491;R$ 10,00;-4;Desabilitado;0;
Revista de Informação Legislativa - RIL - Nº 185;493;R$ 10,00;-4;Desabilitado;0;
Revista de Informação Legislativa - RIL - Nº 186;494;R$ 10,00;-4;Desabilitado;0;
Revista de Informação Legislativa - RIL - Nº 187;495;R$ 10,00;-4;Desabilitado;0;
Revista de Informação Legislativa - RIL - Nº 188;496;R$ 10,00;-4;Desabilitado;0;
Revista de Informação Legislativa - RIL - Nº 189;497;R$ 10,00;-4;Desabilitado;0;
Revista de Informação Legislativa - RIL - Nº 190;498;R$ 10,00;-4;Desabilitado;0;
Revista de Informação Legislativa - RIL - Nº 191;499;R$ 10,00;-4;Desabilitado;0;
Revista de Informação Legislativa - RIL - Nº 192;500;R$ 10,00;-4;Desabilitado;0;
Revista de Informação Legislativa - RIL - Nº 193 - 9770034835008;501;R$ 15,00;-4;Desabilitado;0;
Revista de Informação Legislativa - RIL - Nº 194;502;R$ 15,00;-4;Desabilitado;0;
Revista de Informação Legislativa - RIL - Nº 195 - 9770034835008;513;R$ 15,00;-4;Desabilitado;0;
Revista de Informação Legislativa - RIL - Nº 196 - 9770034835008;514;R$ 15,00;-4;Desabilitado;0;
Revista de Informação Legislativa - RIL - Nº 197 - 9770034835008;542;R$ 15,00;-4;Desabilitado;0;
Revista de Informação Legislativa - RIL - Nº 198 - 9770034835008;543;R$ 15,00;-4;Desabilitado;0;
Revista de Informação Legislativa - RIL - Nº 199 - 9770034835008;562;R$ 15,00;-4;Desabilitado;0;
Revista de Informação Legislativa - Ril - Nº 201;589;R$ 15,00;-4;Desabilitado;0;
Revista de Informação Legislativa - RIL - Nº 202 - 2014 - 9770034835008;596;R$ 15,00;-4;Desabilitado;0;
Revista de Informação Legislativa - RIL - Nº 203 - 2014 - 9770034835008;606;R$ 15,00;-4;Desabilitado;0;
Revista de Informação Legislativa - RIL - Nº 204 - 2014 - 9770034835008; ;R$ 15,00;-4;Desabilitado;0;
Revista de Informação Legislativa - RIL - Nº 205 - 2015 - 9770034835008;633;R$ 15,00;-4;Desabilitado;0;
Revista de Informação Legislativa - RIL - Nº 206 - 2015 - 9770034835008;647-1;R$ 15,00;-4;Desabilitado;0;
Revista Em Discussão! - nº 19 - Ano 5 - Fevereiro/2014; ;R$ 10,00;-10;Desabilitado;;
Revista Em Discussão! - nº 21 - Ano 5 - julho/2014;597;R$ 10,00;-10;Desabilitado;;
Revista Em Discussão! - nº 24 - Ano 6 - fevereiro/2015; ;R$ 10,00;-10;Desabilitado;;
Revista Em Discussão! - nº 25 - Ano 6 - junho/2015;619-2;R$ 10,00;-10;Desabilitado;;
Revista Em Discussão! - nº 26 - Ano 6 - setembro/2015;659-2;R$ 10,00;-10;Desabilitado;;
RIL COMEMORATIVA 25 ANOS - FICHA DE INCRIÇÃO;521;R$ 0,00;-10;Desabilitado;;
Salão de Humor da Anistia;453;R$ 60,00;-4;Desabilitado;0;
Saneamento Básico - Abastecimento de Água, Limpeza Urbana e Normas Sanitárias;368;R$ 5,00;-10;Desabilitado;;
São Gonçalo da Regeneração: marchas e contramarchas de um comunidade sertaneja: da aldeira indígena aos tempos atuais (VI vol. – Coleção Centenário) - 9788564231122;533;R$ 15,00;-4;Desabilitado;0;
Segunda Viagem a São Paulo e Quadro Histórico da Província de São Paulo (Coleção O Brasil Visto por Estrangeiros);719;R$ 8,00;-1;Desabilitado;;
Segurança Nacional: Legislação e Doutrina;369;R$ 5,00;-10;Desabilitado;;
Servidor público - 9788570185723;659;R$ 11,00;22;Desabilitado;;
Servidor público (reimpressão) - 9788570185723;750;R$ 5,00;-5;Desabilitado;;
Terceiro setor;638;R$ 10,00;-10;Desabilitado;;
Termo de compromisso; ;R$ 0,00;-10;Desabilitado;;
Textos Políticos da História do Brasil (Coleção);256;R$ 400,00;-10;Desabilitado;;
Tráfico de Pessoas; ;R$ 10,00;-10;Desabilitado;;
Tratado da terra do Brasil (vol. 100);257;R$ 6,00;-2;Desabilitado;;
Tratado de Direito Penal Alemão (Coleção História do Direito Brasileiro);309;R$ 40,00;-10;Desabilitado;;
Viagem ao Rio Grande do Sul (Coleção O Brasil Visto por Estrangeiros);405;R$ 25,00;-1;Desabilitado;;
Viagem Científica (Conselho Editorial);387;R$ 8,00;-10;Desabilitado;;
Viagem do Rio de Janeiro a Morro Velho (Coleção O Brasil Visto por Estrangeiros);406;R$ 20,00;-10;Desabilitado;;
Viagem na América Meridional Descendo o Rio das Amazonas (Coleção O Brasil Visto por Estrangeiros);403;R$ 15,00;-10;Desabilitado;;
Viagens pelo Amazonas e rio Negro (vol. 17);270;R$ 22,00;-1;Desabilitado;;
Viajando com Langsdorff;546;R$ 54,00;-1;Desabilitado;;
Vídeoaulas - Introdução à Ciência Política;395;R$ 10,00;-10;Desabilitado;;
