;;Nº PRODUTO;DESCRIÇÃO;PRAZO AQ. (meses);FATOR DE SEG. (%);PRIOR.;"CONSUMO 
 TOTAL 
 (12 meses)";"CONSUMO
MÉDIO
MENSAL";ESTOQUE ATUAL;"DURAÇÃO
ESTOQUE
ATUAL
(meses)";PONTO DE RESSUPRIMENTO;
;;03.14.01.0001-9;A gênese do texto da Constituição de 1988 A001;1;20;Baixa;30,00;2,50;625,00;250,00;3,00;
;;03.14.01.0002-7;Coleção Constituições brasileiras A002 ;1;20;Baixa;181,00;15,08;18,00;1,19;18,10;
;;03.14.01.0003-5;Constituição em miúdos C023 ;1;20;Baixa;1.261,00;105,08;8.561,00;81,47;126,10;
;;03.14.01.0004-3;Constituição Federal - 96ª Emenda - Modelo Livro N009 ;1;20;Baixa;151,00;12,58;9,00;0,72;15,10;
;;03.14.01.0005-1;Constituição Federal - 96ª Emenda - Modelo Separata N003 ;1;20;Baixa;69,00;5,75;35,00;6,09;6,90;
;;03.14.01.0006-0;Constitution of the Federative Republic of Brazil 1988 (Amendments 1/1992 – 72/2013) A037 ;1;20;Baixa;40,00;3,33;418,00;125,53;4,00;
;;03.14.01.0007-8;O Senado nas Constituições brasileiras A070;1;20;Baixa;67,00;5,58;280,00;50,18;6,70;
;;03.14.01.0008-6;CD-ROM - Coleção Constituições Brasileiras;1;20;Baixa;5,00;0,42;0,00;0,00;0,50;
;;03.14.01.0009-4;Constituição Federal - 97ª Emenda - Modelo Livro N011 ;1;20;Baixa;982,00;81,83;9,00;0,11;98,20;
;;03.14.01.0010-8;A Constituição que não Foi E042 ;1;20;Baixa;6,00;0,50;0,00;0,00;0,60;
;;03.14.01.0011-6;Constituição Federal - 99ª Emenda - Modelo Livro N001;1;20;Baixa;1.639,00;136,58;345,00;2,53;163,90;
;;03.14.01.0012-4;Constituição Federal - 99ª Emenda - Modelo Separata O001;1;20;Baixa;2.112,00;176,00;12,00;0,07;211,20;
;;03.14.02.0001-3;Código Tributário Nacional C015;1;20;Baixa;921,00;76,75;177,00;2,31;92,10;
;;03.14.02.0002-1;Gestão orçamentária pública - 2ª edição E004 ;1;20;Baixa;423,00;35,25;91,00;2,58;42,30;
;;03.14.02.0003-0;Governança pública - 2ª edição E008 ;1;20;Baixa;242,00;20,17;251,00;12,44;24,20;
;;03.14.02.0004-8;Servidor público - fevereiro de 2015 D009 ;1;20;Baixa;100,00;8,33;2,00;0,24;10,00;
;;03.14.02.0005-6;Licitações e contratos administrativos: teoria e jurisprudência E038 ;1;20;Baixa;768,00;64,00;378,00;5,91;76,80;
;;03.14.02.0006-4;Lei n. 8.666/1993 C014 ;1;20;Baixa;530,00;44,17;478,00;10,82;53,00;
;;03.14.02.0007-2;Licitações, contratos e convênios públicos - julho de 2017 C006 ;1;20;Baixa;557,00;46,42;222,00;4,78;55,70;
;;03.14.02.0008-0;Licitações & Contratos - Orientações e Jurisprudência do TCU H096;1;20;Baixa;53,00;4,42;951,00;215,16;5,30;
;;03.14.02.0009-9;O011 Regimento Interno do Senado Federal - Vols. I e II;1;20;Baixa;286,00;23,83;252,00;10,57;28,60;
;;03.14.02.0010-2;Avaliação de impacto legislativo - cenários e perspectivas para sua aplicação C024 ;1;20;Baixa;109,00;9,08;726,00;79,96;10,90;
;;03.14.02.0011-0;Guia de Fontes de Informações sobre o Senado Federal D065 ;1;20;Baixa;15,00;1,25;363,00;290,40;1,50;
;;03.14.03.0001-8;Cultura – Captação de recursos e incentivos fiscais A014 ;1;20;Baixa;31,00;2,58;104,00;40,31;3,10;
;;03.14.03.0002-6;Educação básica C033;1;20;Baixa;223,00;18,58;168,00;9,04;22,30;
;;03.14.03.0003-4;LDB – Lei de Diretrizes e Bases da Educação Nacional C009 ;1;20;Baixa;351,00;29,25;35,00;1,20;35,10;
;;03.14.03.0004-2;Plano Nacional de Educação: construção e perspectivas E026 ;1;20;Baixa;22,00;1,83;0,00;0,00;2,20;
;;03.14.03.0005-0;Trafico de Pessoas;1;20;Baixa;1,00;0,08;9,00;112,50;0,10;
;;03.14.03.0006-9;Cuidadores da Primeira Infância D060;1;20;Baixa;40,00;3,33;157,00;47,15;4,00;
;;03.14.04.0001-2;Assédio A049 ;1;20;Baixa;293,00;24,42;352,00;14,41;29,30;
;;03.14.04.0002-0;Código Civil e normas correlatas - 9ª edição A029 ;1;20;Baixa;1.158,00;96,50;1,00;0,01;115,80;
;;03.14.04.0003-9;Código de Processo Civil e normas correlatas - 11ª edição D010 ;1;20;Baixa;1.281,00;106,75;165,00;1,55;128,10;
;;03.14.04.0004-7;Consumidor – CDC e normas correlatas D032 ;1;20;Baixa;44,00;3,67;370,00;100,82;4,40;
;;03.14.04.0005-5;Desenvolvimento e inclusão social A056 ;1;20;Baixa;146,00;12,17;270,00;22,19;14,60;
;;03.14.04.0006-3;Direitos autorais D020 ;1;20;Baixa;74,00;6,17;530,00;85,90;7,40;
;;03.14.04.0007-1;Estatuto da Pessoa com Deficiência - 2ª edição A015 ;1;20;Baixa;644,00;53,67;480,00;8,94;64,40;
;;03.14.04.0008-0;Estatuto do Idoso A016 ;1;20;Baixa;586,00;48,83;530,00;10,85;58,60;
;;03.14.04.0009-8;Igualdade racial e étnica - março de 2016 A051 ;1;20;Baixa;162,00;13,50;312,00;23,11;16,20;
;;03.14.04.0011-0;C011 Mulher ;1;20;Baixa;183,00;15,25;191,00;12,52;18,30;
;;03.14.04.0012-8;Patrimônio cultural E070 ;1;20;Baixa;73,00;6,08;78,00;12,83;7,30;
;;03.14.04.0013-6;Turismo D071 ;1;20;Baixa;57,00;4,75;756,00;159,16;5,70;
;;03.14.04.0014-4;Consolidação das Leis do Trabalho - CLT - novembro de 2017 C057 ;1;20;Baixa;929,00;77,42;83,00;1,07;92,90;
;;03.14.05.0001-7;Código de Processo Penal -abril de 2017 E017 ;1;20;Baixa;954,00;79,50;85,00;1,07;95,40;
;;03.14.05.0002-5;Código Penal - abril de 2017 D006 ;1;20;Baixa;1.249,00;104,08;394,00;3,79;124,90;
;;03.14.05.0003-3;Coletânea básica penal - 8ª edição A025 ;1;20;Baixa;1.049,00;87,42;534,00;6,11;104,90;
;;03.14.05.0004-1;Criança e adolescente E069 ;1;20;Baixa;23,00;1,92;1,00;0,52;2,30;
;;03.14.05.0005-0;Drogas D002 ;1;20;Baixa;180,00;15,00;607,00;40,47;18,00;
;;03.14.06.0001-1;Coleção ambiental – Água C037 ;1;20;Baixa;92,00;7,67;398,00;51,89;9,20;
;;03.14.06.0002-0;Coleção ambiental – Educação ambiental C042 ;1;20;Baixa;51,00;4,25;776,00;182,59;5,10;
;;03.14.06.0003-8;Coleção ambiental – Florestas C049 ;1;20;Baixa;83,00;6,92;213,00;30,78;8,30;
;;03.14.06.0004-6;Coleção ambiental – Patrimônio genético C027 ;1;20;Baixa;47,00;3,92;613,00;156,38;4,70;
;;03.14.06.0005-4;Coleção ambiental – Resíduos sólidos e saneamento básico C049 ;1;20;Baixa;89,00;7,42;425,00;57,28;8,90;
;;03.14.06.0006-2;Coleção ambiental – Terras C001 ;1;20;Baixa;82,00;6,83;474,00;69,40;8,20;
;;03.14.06.0007-0;Coleção Ambiental Vol. VI - Atmosfera, Desmatamento, Poluição e Camada de Ozônio A048 ;1;20;Baixa;14,00;1,17;44,00;37,61;1,40;
;;03.14.06.0008-9;Coleção Ambiental  Vol. II - Código de Mineração e Legislação Correlata A017 ;1;20;Baixa;13,00;1,08;4,00;3,70;1,30;
;;03.14.06.0009-7;Coleção Ambiental Vol. V - Biossegurança e Transgenia A017 ;1;20;Baixa;14,00;1,17;15,00;12,82;1,40;
;;03.14.06.0010-0;Energia - Normas Gerais e Regulamentos;1;20;Baixa;11,00;0,92;0,00;0,00;1,10;
;;03.14.07.0001-6;Sistemas políticos e o modelo brasileiro E069 ;1;20;Baixa;42,00;3,50;89,00;25,43;4,20;
;;03.14.07.0002-4;Coleção de Teses - Emendas Individuais dos Senadores ao Orçamento E053;1;20;Baixa;3,00;0,25;7,00;28,00;0,30;
;;03.14.08.0003-7;Doença ocupacional A041 ;1;20;Baixa;99,00;8,25;9,00;1,09;9,90;
;;03.14.10.0001-8;El Senado Federal en preguntas y respuestas D061;1;20;Baixa;15,00;1,25;974,00;779,20;1,50;
;;03.14.10.0002-6;The Federal Senate: questions and answers D059;1;20;Baixa;14,00;1,17;415,00;354,70;1,40;
;;03.14.10.0003-4;O Legislativo Brasileiro;1;20;Baixa;6,00;0,50;4,00;8,00;0,60;
;;03.14.11.0001-2;Ciência, Tecnologia e Soberania Nacional;1;20;Baixa;2,00;0,17;0,00;0,00;0,20;
;;03.14.11.0002-0;Crédito e spread – Custo da Intermediação Bancária;1;20;Baixa;8,00;0,67;0,00;0,00;0,80;
;;03.14.11.0004-7;Grandes Vultos que Honraram o Senado – Abdias Nascimento;1;20;Baixa;11,00;0,92;0,00;0,00;1,10;
;;03.14.11.0006-3;Grandes Vultos que Honraram o Senado – Fábio Lucena;1;20;Baixa;8,00;0,67;0,00;0,00;0,80;
;;03.14.11.0007-1;Grandes Vultos que Honraram o Senado – Humberto Lucena D050 ;1;20;Baixa;11,00;0,92;382,00;415,22;1,10;
;;03.14.11.0008-0;Grandes Vultos que Honraram o Senado – Petrônio Portella;1;20;Baixa;8,00;0,67;0,00;0,00;0,80;
;;03.14.11.0009-8;Grandes Vultos que Honraram o Senado – Pompeu de Souza;1;20;Baixa;5,00;0,42;2,00;4,76;0,50;
;;03.14.11.0010-1;Grandes Vultos que Honraram o Senado – Teotônio Vilela;1;20;Baixa;21,00;1,75;0,00;0,00;2,10;
;;03.14.11.0011-0;Hannah Arendt e o declínio da esfera pública E053 ;1;20;Baixa;6,00;0,50;4,00;8,00;0,60;
;;03.14.11.0012-8;Marketing social – aplicações e métricas no setor público A034 ;1;20;Baixa;45,00;3,75;251,00;66,93;4,50;
;;03.14.11.0013-6;Mídia das fontes – um novo ator no cenário jornalístico brasileiro D056;1;20;Baixa;16,00;1,33;212,00;159,40;1,60;
;;03.14.11.0014-4;Os Inconfidentes José de Resende Costa (Pai e Filho) e o Arraial da Laje;1;20;Baixa;3,00;0,25;0,00;0,00;0,30;
;;03.14.11.0016-0;Por um Tribunal de Justiça para a UNASUL;1;20;Baixa;13,00;1,08;4,00;3,70;1,30;
;;03.14.11.0017-9;Presidencialismo no Brasil – História, organização e funcionamento I121;1;20;Baixa;34,00;2,83;310,00;109,54;3,40;
;;03.14.11.0018-7;Proposta de Sistema Tributário;1;20;Baixa;7,00;0,58;6,00;10,34;0,70;
;;03.14.11.0019-5;Resgate da reforma política – diversidade e pluralismo no legislativo A040 ;1;20;Baixa;86,00;7,17;587,00;81,87;8,60;
;;03.14.11.0020-9;Vida: Uma Poesia ao Cerrado C035 ;1;20;Baixa;4,00;0,33;37,00;112,12;0,40;
;;03.14.11.0021-7;João Goulart - Devolução Simbólica do Mandato Presidencial D077 ;1;20;Baixa;20,00;1,67;149,00;89,22;2,00;
;;03.14.11.0022-5;Memórias do Senado A011 ;1;20;Baixa;31,00;2,58;582,00;225,58;3,10;
;;03.14.11.0023-3;A067 Manual de Organização de Eventos do Senado Federal - 2013;1;20;Baixa;4,00;0,33;139,00;421,21;0,40;
;;03.14.11.0024-1;Primeira Infância: Ideias e Intervenções Oportunas E012 ;1;20;Baixa;8,00;0,67;176,00;262,69;0,80;
;;03.14.11.0026-8;Coleção de Teses - O (des)alinhamento das agendas política e burocrática no Senado: uma análise à luz da teoria da agência, sob o ponto de vista do agente E021 ;1;20;Baixa;20,00;1,67;125,00;74,85;2,00;
;;03.14.11.0027-6;Coleção de Teses - Sociedade anônima simplificada E022 ;1;20;Baixa;19,00;1,58;156,00;98,73;1,90;
;;03.14.11.0028-4;Coleção de Teses - Da influência dos valores culturais na percepção e prática da corrupção: de perspectivas teóricas a evidência empíricas E023 ;1;20;Baixa;15,00;1,25;103,00;82,40;1,50;
;;03.14.11.0029-2;O grande novo Nordeste de Virgílio Távora E024 ;1;20;Baixa;2,00;0,17;178,00;1.047,06;0,20;
;;03.14.11.0030-6;Coleção de Teses -  Regulamentação das atividades de lobby e seu impacto sobre as relações entre políticos, burocratas e grupos de interesse no ciclo de politicas  públicas E029 ;1;20;Baixa;35,00;2,92;137,00;46,92;3,50;
;;03.14.11.0031-4;Coleção de Teses - Auditoria interna de recursos humanos: temas de trabalho e perspectivas de atuação E031 ;1;20;Baixa;7,00;0,58;157,00;270,69;0,70;
;;03.14.11.0032-2;Coleção de Teses - A linguagem penal do contrato social brasileiro: O inimigo, a guerra e a construção da ordem contra a sociedade no Brasil (1822-1890) E032 ;1;20;Baixa;3,00;0,25;116,00;464,00;0,30;
;;03.14.11.0033-0;Coleção de Teses - Interações entre a coalizão e oposição nas comissões da Câmara dos Deputados e do Senado Federal(2011) E033 ;1;20;Baixa;19,00;1,58;154,00;97,47;1,90;
;;03.14.11.0034-9;Coleção de Teses - O poder dos líderes revisitado: a atuação das bancadas temáticas na aprovação do código florestal E034 ;1;20;Baixa;18,00;1,50;160,00;106,67;1,80;
;;03.14.11.0035-7;Coleção de Teses - Relações entre o legislativo e o executivo nas reformas educacionais no Brasil, na Argentina e no México (1990-2010) E035 ;1;20;Baixa;18,00;1,50;156,00;104,00;1,80;
;;03.14.11.0036-5;Releitura: Compilação de Textos para Discussão - Nº 4 E047;1;20;Baixa;4,00;0,33;308,00;933,33;0,40;
;;03.14.11.0037-3;Releitura: Compilação de Textos para Discussão - Nº 5 E049 ;1;20;Baixa;4,00;0,33;116,00;351,52;0,40;
;;03.14.11.0038-1;Releitura: Compilação de Textos para Discussão - Nº 6 - janeiro/junho de 2013 E050 ;1;20;Baixa;3,00;0,25;454,00;1.816,00;0,30;
;;03.14.11.0039-0;Releitura: Compilação de Textos para Discussão - Nº 1 E056 ;1;20;Baixa;4,00;0,33;171,00;518,18;0,40;
;;03.14.11.0040-3;Releitura: Compilação de Textos para Discussão - Nº 2 E057 ;1;20;Baixa;3,00;0,25;36,00;144,00;0,30;
;;03.14.11.0041-1;Releitura: Compilação de Textos para Discussão - Nº 3 E058 ;1;20;Baixa;4,00;0,33;629,00;1.906,06;0,40;
;;03.14.11.0043-8;Vocabulário da Política E065 ;1;20;Baixa;21,00;1,75;944,00;539,43;2,10;
;;03.14.11.0044-6;Catálogo de Obras Raras e Valiosas da Coleção Luiz Viana Filho E068 ;1;20;Baixa;7,00;0,58;37,00;63,79;0,70;
;;03.14.11.0045-4;Grandes Vultos que Honraram o Senado - Argemiro de Figueiredo;1;20;Baixa;3,00;0,25;0,00;0,00;0,30;
;;03.14.11.0046-2;Grandes Vultos que Honraram o Senado - Clodomir Cardoso;1;20;Baixa;6,00;0,50;0,00;0,00;0,60;
;;03.14.11.0047-0;Grandes Vultos que Honraram o Senado - Henrique de La Rocque;1;20;Baixa;11,00;0,92;2,00;2,17;1,10;
;;03.14.11.0048-9;Coleção de Teses - Prouni e o fenômeno da apropriação;1;20;Baixa;15,00;1,25;2,00;1,60;1,50;
;;03.14.11.0049-7;Biblioteca Acadêmico Luiz Viana Filho: 180 Anos de História Viva D040;1;20;Baixa;21,00;1,75;24,00;13,71;2,10;
;;03.14.11.0050-0;Luiz Viana Filho - O Jornalista D041;1;20;Baixa;19,00;1,58;40,00;25,32;1,90;
;;03.14.11.0051-9;O Supremo Tribunal Federal e as Comissões Parlamentares de Inquérito;1;20;Baixa;4,00;0,33;0,00;0,00;0,40;
;;03.14.11.0052-7;Coleção Sessões Temáticas - Reforma política, financiamento da saúde e pacto federativo;1;20;Baixa;11,00;0,92;3,00;3,26;1,10;
;;03.14.11.0053-5;Coleção Sessões Temáticas - vol. 2 - Reforma Política, Terceirização e Petrobras;1;20;Baixa;13,00;1,08;3,00;2,78;1,30;
;;03.14.11.0054-3;O Tenente-General Napione;1;20;Baixa;7,00;0,58;0,00;0,00;0,70;
;;03.14.11.0055-1;O Senado Federal em Perguntas e Respostas D059;1;20;Baixa;31,00;2,58;24,00;9,30;3,10;
;;03.14.11.0056-0;O Senado na História do Brasil Vol I - Arquivo S A043 ;1;20;Baixa;14,00;1,17;29,00;24,79;1,40;
;;03.14.11.0057-8;Temas e Agendas para o Desenvolvimento Sustentável E031 ;1;20;Baixa;7,00;0,58;64,00;110,34;0,70;
;;03.14.11.0058-6;O Quinze;1;20;Baixa;4,00;0,33;0,00;0,00;0,40;
;;03.14.11.0059-4;Análise e Representação de Assuntos: Diretrizes para a Rede Virtual de Bibliotecas - RVBI;1;20;Baixa;4,00;0,33;0,00;0,00;0,40;
;;03.14.11.0060-8;Diretrizes para Construção do Tesauro da Rede Virtual de Bibliotecas - RVBI;1;20;Baixa;2,00;0,17;0,00;0,00;0,20;
;;03.14.11.0061-6;Edifícios públicos sustentáveis;1;20;Baixa;5,00;0,42;0,00;0,00;0,50;
;;03.14.11.0062-4;Agenda Legislativa para o Desenvolvimento Nacional;1;20;Baixa;4,00;0,33;0,00;0,00;0,40;
;;03.14.11.0063-2;História Institucional do Senado do Brasil;1;20;Baixa;1,00;0,08;0,00;0,00;0,10;
;;03.14.11.0064-0;CD-ROM Primeira Infância: Ideias e Intervenções Oportunas;1;20;Baixa;2,00;0,17;0,00;0,00;0,20;
;;03.14.11.0065-9;Produção Normativa em Saúde - Politicas Setoriais e Regulação;1;20;Baixa;2,00;0,17;8,00;47,06;0,20;
;;03.14.11.0066-7;Apontamentos biográficos de alguns piauienses ilustres e de outras pessoas notáveis que ocupam cargos importantes na província do Piauí;1;20;Baixa;6,00;0,50;104,00;208,00;0,60;
;;03.14.11.0067-5;O Senado na História do Brasil Vol II - Arquivo S A043 ;1;20;Baixa;1,00;0,08;143,00;1.787,50;0,10;
;;03.14.11.0068-3;Coleção de Teses - O Controle Normativo da Mídia do Congresso Nacional E023 ;1;20;Baixa;2,00;0,17;5,00;29,41;0,20;
;;03.14.11.0069-1;Coleção de Teses - Políticas públicas estatais: a deliberação popular no ciclo das políticas públicas;1;20;Baixa;26,00;2,17;107,00;49,31;2,60;
;;03.14.11.0070-5;Coleção de Teses - A Preponderância do Poder Executivo no Processo Orçamentário E034 ;1;20;Baixa;6,00;0,50;54,00;108,00;0,60;
;;03.14.11.0071-3;Coleção de Teses - Da Constitucionalidade e Legitimidade da Iniciativa Popular para a Reforma da Constituição E042 ;1;20;Baixa;9,00;0,75;71,00;94,67;0,90;
;;03.14.11.0072-1;Coleção de Teses - O Princípio da Moderação e a Legitimação do Controle Judicial de Constitucionalidade das Leis E076;1;20;Baixa;12,00;1,00;22,00;22,00;1,20;
;;03.14.11.0073-0;Coleção de Teses - Gênero, Adolescência e Políticas de Ressocialização: Um Estudo com as Internas do Centro de Atendimento Juvenil Especializado - CAJE, do Distrito Federal E076;1;20;Baixa;4,00;0,33;113,00;342,42;0,40;
;;03.14.11.0074-8;Coleção de Teses - A Imunidade Recíproca e o Fenômeno da Repercussão Tributária ;1;20;Baixa;1,00;0,08;0,00;0,00;0,10;
;;03.14.11.0075-6;Nota Promissória;1;20;Baixa;1,00;0,08;0,00;0,00;0,10;
;;03.14.11.0076-4;Neurociências e Educação na Primeira Infância D059;1;20;Baixa;2,00;0,17;5,00;29,41;0,20;
;;03.14.11.0077-2;Coleção de teses 2017 - A lógica decisória das sessões conjuntas da 54ª legislatura C066;1;20;Baixa;2,00;0,17;82,00;482,35;0,20;
;;03.14.11.0078-0;Coleção de teses 2017 - A inconstitucionalidade da supressão de prazo regimental na tramitação de proposta de emenda à constituição no Senado Federal C070;1;20;Baixa;2,00;0,17;82,00;482,35;0,20;
;;03.14.11.0079-9;Coleção de teses 2017 - Do dever ao ser C069;1;20;Baixa;2,00;0,17;75,00;441,18;0,20;
;;03.14.11.0080-2;Coleção de teses 2017 - Infraestrutura e desenvolvimento C071;1;20;Baixa;2,00;0,17;73,00;429,41;0,20;
;;03.14.11.0081-0;Coleção de teses 2017 - Uma linguagem para formalização de discursos com base em ontologias C068;1;20;Baixa;2,00;0,17;90,00;529,41;0,20;
;;03.14.11.0082-9;Coleção de teses 2017 - Democracia digital no Senado C072;1;20;Baixa;2,00;0,17;88,00;517,65;0,20;
;;03.14.11.0083-7;Coleção de teses 2017 - Da popularidade ao impeachment C065;1;20;Baixa;2,00;0,17;82,00;482,35;0,20;
;;03.14.11.0084-5;Coleção de teses 2017 - Quis custodiet ipsos custodes? Ceticismo epistemológico e majoritarismo C067;1;20;Baixa;2,00;0,17;94,00;552,94;0,20;
;;03.14.12.0001-7;Direitos humanos – atos internacionais e normas correlatas - 4ª edição C020 ;1;20;Baixa;102,00;8,50;82,00;9,65;10,20;
;;03.14.12.0002-5;A066 Documentos sigilosos – acesso e direito à informação;1;20;Baixa;72,00;6,00;29,00;4,83;7,20;
;;03.14.12.0004-1;Estatuto da Igualdade Racial;1;20;Baixa;37,00;3,08;0,00;0,00;3,70;
;;03.14.12.0005-0;Estatuto da Juventude – atos internacionais e normas correlatas;1;20;Baixa;8,00;0,67;0,00;0,00;0,80;
;;03.14.12.0006-8;Estatuto do Desarmamento D079 ;1;20;Baixa;166,00;13,83;138,00;9,98;16,60;
;;03.14.12.0008-4;Legislação Pesqueira;1;20;Baixa;28,00;2,33;1,00;0,43;2,80;
;;03.14.12.0009-2;Lei de Responsabilidade Fiscal - junho de 2017 C005 ;1;20;Baixa;382,00;31,83;284,00;8,92;38,20;
;;03.14.12.0010-6;Manual de Direito para engenheiros e arquitetos;1;20;Baixa;2,00;0,17;0,00;0,00;0,20;
;;03.14.12.0011-4;Patrimônio imaterial B044 ;1;20;Baixa;4,00;0,33;0,00;0,00;0,40;
;;03.14.12.0012-2;Quadro comparativo do Código de Processo Civil A019;1;20;Baixa;158,00;13,17;702,00;53,30;15,80;
;;03.14.12.0013-0;Segurança Pública – normas e regulamentos A036 ;1;20;Baixa;35,00;2,92;28,00;9,59;3,50;
;;03.14.12.0015-7;Estatuto do Estrangeiro - Regulamentação e Legislação Correlata D070 ;1;20;Baixa;7,00;0,58;335,00;577,59;0,70;
;;03.14.12.0016-5;Regimento Comum do Congresso Nacional A007  ;1;20;Baixa;75,00;6,25;203,00;32,48;7,50;
;;03.14.12.0017-3;Código de Defesa do Consumidor e Normas Correlatas 2ª edição A059 ;1;20;Baixa;736,00;61,33;379,00;6,18;73,60;
;;03.14.12.0018-1;A085 Partidos políticos brasileiros: programas e diretrizes doutrinárias;1;20;Baixa;8,00;0,67;607,00;905,97;0,80;
;;03.14.12.0019-0;Estatuto da Criança e do Adolescente C022 ;1;20;Baixa;695,00;57,92;852,00;14,71;69,50;
;;03.14.12.0020-3;Mercosul: Legislação e Textos Básicos;1;20;Baixa;11,00;0,92;4,00;4,35;1,10;
;;03.14.12.0021-1;O Tratado de Madrid - Tomos I e II E025 ;1;20;Baixa;13,00;1,08;4,00;3,70;1,30;
;;03.14.12.0022-0;Estudos de Direito Sanitário: A Produção Normativa em Saúde A014 ;1;20;Baixa;2,00;0,17;10,00;58,82;0,20;
;;03.14.13.0001-1;A076 Revista de Informação Legislativa – RIL - nº 209 - 2016;1;20;Baixa;7,00;0,58;0,00;0,00;0,70;
;;03.14.13.0002-0;A078 Revista de Informação Legislativa – RIL - nº 210 - 2016;1;20;Baixa;8,00;0,67;94,00;140,30;0,80;
;;03.14.13.0003-8;A079 Revista de Informação Legislativa – RIL - nº 211 - 2016;1;20;Baixa;7,00;0,58;79,00;136,21;0,70;
;;03.14.13.0004-6;A080 Revista de Informação Legislativa – RIL - nº 212 - 2016;1;20;Baixa;10,00;0,83;50,00;60,24;1,00;
;;03.14.13.0005-4;Revista de Informação Legislativa – RIL - nº 213 – 2017 A044 ;1;20;Baixa;22,00;1,83;91,00;49,73;2,20;
;;03.14.13.0006-2;Revista de Informação Legislativa – RIL - nº 214 - 2017 A042 ;1;20;Baixa;25,00;2,08;152,00;73,08;2,50;
;;03.14.13.0007-0;Revista de Informação Legislativa - RIL - Nº 215 - 2017 A045;1;20;Baixa;78,00;6,50;178,00;27,38;7,80;
;;03.14.13.0008-9;A068 Revista de Informação Legislativa - RIL - Nº 200 - 2013;1;20;Baixa;19,00;1,58;245,00;155,06;1,90;
;;03.14.13.0009-7;Revista de Informação Legislativa - RIL - Nº 207 - 2015 A047 ;1;20;Baixa;2,00;0,17;124,00;729,41;0,20;
;;03.14.13.0010-0;A074 Revista de Informação Legislativa - RIL - Nº 208 - 2015;1;20;Baixa;4,00;0,33;469,00;1.421,21;0,40;
;;03.14.13.0012-7;DVD-ROM - 45 Anos da Revista de Informação Legislativa;1;20;Baixa;1,00;0,08;0,00;0,00;0,10;
;;03.14.13.0013-5;Revista de Informação Legislativa - RIL - Nº 184 - 2009;1;20;Baixa;1,00;0,08;0,00;0,00;0,10;
;;03.14.13.0014-3;Revista de Informação Legislativa - RIL - Nº 216 - 2017 A046;1;20;Baixa;919,00;76,58;61,00;0,80;91,90;
;;03.14.13.0015-1;Revista de Informação Legislativa - RIL - Nº 185 - 2010;1;20;Baixa;20,00;1,67;0,00;0,00;2,00;
;;03.15.01.0001-1;O Rio de Janeiro do Meu Tempo - Vol.1 G015;1;20;Baixa;22,00;1,83;118,00;64,48;2,20;
;;03.15.01.0003-8;Memórias do Meu Tempo - Vol.3 G034;1;20;Baixa;18,00;1,50;24,00;16,00;1,80;
;;03.15.01.0004-6;O Ensino Público no Brasil - Vol.4 G003;1;20;Baixa;3,00;0,25;8,00;32,00;0,30;
;;03.15.01.0005-4;A Campanha de Canudos - Vol.5 O005 ;1;20;Baixa;1,00;0,08;0,00;0,00;0,10;
;;03.15.01.0006-2;Diário da Assembléia Geral Constituinte e Legislativa do Império ;1;20;Baixa;3,00;0,25;7,00;28,00;0,30;
;;03.15.01.0006-2;do Brasil  - 1823 - Vol.6 G022;1;20;Baixa;3,00;0,25;7,00;28,00;0,30;
;;03.15.01.0008-9;Missão Rondon: Vol.8 H006;1;20;Baixa;26,00;2,17;84,00;38,71;2,60;
;;03.15.01.0009-7;Ensaios e Estudos - vol.9 G002 ;1;20;Baixa;15,00;1,25;59,00;47,20;1,50;
;;03.15.01.0010-0;Ensaios e Estudos - vol.9 G002;1;20;Baixa;3,00;0,25;2,00;8,00;0,30;
;;03.15.01.0011-9;Os Deputados Brasileiros nas Cortes Gerais de 1821 - Vol. 12 G005 ;1;20;Baixa;15,00;1,25;43,00;34,40;1,50;
;;03.15.01.0012-7;Dois Anos no Brasil - vol.13 G006 ;1;20;Baixa;2,00;0,17;7,00;41,18;0,20;
;;03.15.01.0013-5;Balmaceda - vol.14 G007 ;1;20;Baixa;18,00;1,50;95,00;63,33;1,80;
;;03.15.01.0014-3;Conselhos aos Governantes - vol.15 G008;1;20;Baixa;42,00;3,50;264,00;75,43;4,20;
;;03.15.01.0015-1;Narrativa de Serviços no Libertar-se o Brasil da Dominação Portuguesa - vol.16 I077;1;20;Baixa;27,00;2,25;378,00;168,00;2,70;
;;03.15.01.0016-0;A Intervenção Estrangeira Durante a Revolta de 1893 - vol.21 G013 ;1;20;Baixa;12,00;1,00;19,00;19,00;1,20;
;;03.15.01.0017-8;Relatório Cruls vol.22 G014 ;1;20;Baixa;28,00;2,33;31,00;13,30;2,80;
;;03.15.01.0018-6;História da Cidade de São Paulo - Vol.23 G012;1;20;Baixa;1,00;0,08;0,00;0,00;0,10;
;;03.15.01.0020-8;História da Capitania de São Vicente - Vol.25 G012;1;20;Baixa;2,00;0,17;1,00;5,88;0,20;
;;03.15.01.0022-4;Populações Meridionais do Brasil - vol.27 G020 ;1;20;Baixa;14,00;1,17;34,00;29,06;1,40;
;;03.15.01.0023-2;Jornal de Timon - vol.28 G021 ;1;20;Baixa;19,00;1,58;93,00;58,86;1,90;
;;03.15.01.0024-0;Notas Para a História do Ceará - vol.29 G011;1;20;Baixa;1,00;0,08;0,00;0,00;0,10;
;;03.15.01.0025-9;Ensaio Corográfico Sobre a Província do Pará - Vol.30 G023 ;1;20;Baixa;14,00;1,17;91,00;77,78;1,40;
;;03.15.01.0026-7;Fundação de Belém do Pará: jornada de Francisco Caldera de Castelo Branco em 1616 - vol.31 G011;1;20;Baixa;6,00;0,50;1,00;2,00;0,60;
;;03.15.01.0027-5;Os Muckers - vol.32 G025 ;1;20;Baixa;4,00;0,33;6,00;18,18;0,40;
;;03.15.01.0029-1;História Econômica do Brasil - Vol.34 G026;1;20;Baixa;38,00;3,17;104,00;32,81;3,80;
;;03.15.01.0030-5;Amapá: a Terra Onde o Brasil Começa - vol.35 G028;1;20;Baixa;19,00;1,58;196,00;124,05;1,90;
;;03.15.01.0031-3;Dom Pedro e Dom Miguel: A Querela da Sucessão - vol.36 G031 ;1;20;Baixa;32,00;2,67;24,00;8,99;3,20;
;;03.15.01.0033-0;Código Filipino ou Ordenações e Leis do Reino de Portugal - vol.38 I029;1;20;Baixa;22,00;1,83;75,00;40,98;2,20;
;;03.15.01.0034-8;A Abolição - vol.39 G035 ;1;20;Baixa;39,00;3,25;34,00;10,46;3,90;
;;03.15.01.0035-6;O Presidente Campos Sales na Europa - vol.40 G036 ;1;20;Baixa;21,00;1,75;150,00;85,71;2,10;
;;03.15.01.0036-4;Memórias da Rua do Ouvidor - vol.41 G038 ;1;20;Baixa;23,00;1,92;19,00;9,90;2,30;
;;03.15.01.0037-2;Um Passeio Pela Cidade do Rio de Janeiro - vol.42 G039 ;1;20;Baixa;13,00;1,08;14,00;12,96;1,30;
;;03.15.01.0038-0;O Brasil Holandês sob o Conde João Maurício de Nassau - vol.43 G040 ;1;20;Baixa;19,00;1,58;118,00;74,68;1,90;
;;03.15.01.0039-9;As Aventuras de Nhô-Quim e Zé Caipora - Vol.44 I105;1;20;Baixa;28,00;2,33;171,00;73,39;2,80;
;;03.15.01.0040-2;A Casa de Cunhaú - vol.45 G042 ;1;20;Baixa;30,00;2,50;10,00;4,00;3,00;
;;03.15.01.0041-0;As Obras dos Engenheiros Militares Galluzzi e Sambuceti e do arquiteto Landi no Brasil Colonial do Século XVIII - vol.46 G043 ;1;20;Baixa;19,00;1,58;47,00;29,75;1,90;
;;03.15.01.0042-9;A História dos Símbolos Nacionais - vol.47 G044 ;1;20;Baixa;73,00;6,08;57,00;9,38;7,30;
;;03.15.01.0043-7;História do Positivismo no Brasil - vol.48 G045;1;20;Baixa;30,00;2,50;3,00;1,20;3,00;
;;03.15.01.0044-5;A Amazônia na Era Pombalina - Tomo I, II e III vol. 49 G047;1;20;Baixa;16,00;1,33;56,00;42,11;1,60;
;;03.15.01.0045-3;Inventário de Documentos Históricos Brasileiros - vol.50 G048 ;1;20;Baixa;21,00;1,75;19,00;10,86;2,10;
;;03.15.01.0046-1;A Verdade Como Regra das Ações - vol.51 G050 ;1;20;Baixa;5,00;0,42;8,00;19,05;0,50;
;;03.15.01.0047-0;O Mundo Interior - vol.52 G003;1;20;Baixa;3,00;0,25;1,00;4,00;0,30;
;;03.15.01.0048-8;A Base Física do Espírito - vol.53 G051 ;1;20;Baixa;1,00;0,08;0,00;0,00;0,10;
;;03.15.01.0049-6;O Brasil no Pensamento Brasileiro - vol. 55 H102;1;20;Baixa;22,00;1,83;111,00;60,66;2,20;
;;03.15.01.0050-0;O Estado Independente do Acre e J. Plácido de Castro: excertos históricos - vol.56 G085;1;;Baixa;16,00;1,33;238,00;178,95;0,00;
;;03.15.01.0051-8;A Vida de Luiz Viana Filho - vol.58 G056 ;1;20;Baixa;18,00;1,50;100,00;66,67;1,80;
;;03.15.01.0052-6;Campanha Abolicionista no Recife - vol.59 G058 ;1;20;Baixa;22,00;1,83;49,00;26,78;2,20;
;;03.15.01.0053-4;O Meio Circulante no Brasil (Parte III).  A moeda Fiduciária no Brasil (1771 a 1900) - Vol.60 I111;1;20;Baixa;11,00;0,92;106,00;115,22;1,10;
;;03.15.01.0054-2;Viagem ao Rio da Prata e ao Rio Grande do Sul - Vol.61 G060 ;1;20;Baixa;17,00;1,42;54,00;38,03;1,70;
;;03.15.01.0055-0;ABC das Alagoas, Dicionário Bibliográfico, Histórico e Geográfico de Alagoas - vol.62 G062 ;1;20;Baixa;11,00;0,92;272,00;295,65;1,10;
;;03.15.01.0056-9;Batalha de Caiboaté - Episódio Culminante da Guerra das Missões - Vol.63 G061 ;1;20;Baixa;12,00;1,00;10,00;10,00;1,20;
;;03.15.01.0057-7;A Questão Geopolítica da Amazônia - Da Soberania Difusa à Soberania Restrita - Vol.64 G063 ;1;20;Baixa;9,00;0,75;2,00;2,67;0,90;
;;03.15.01.0058-5;Capítulos de História Colonial - Vol.65 G065 ;1;20;Baixa;34,00;2,83;4,00;1,41;3,40;
;;03.15.01.0059-3;Fragmentos de Estudos da História da Assembléia Constituinte do Brasil - vol.66 G066 ;1;20;Baixa;16,00;1,33;73,00;54,89;1,60;
;;03.15.01.0060-7;Doutrina Constitucional Brasileira: (Constituição de 1946) - tomo I, II e III - vol. 67 G067;1;20;Baixa;9,00;0,75;7,00;9,33;0,90;
;;03.15.01.0061-5;Machado de Assis e a Administração Pública Federal - Vol.68 H005;1;20;Baixa;1,00;0,08;0,00;0,00;0,10;
;;03.15.01.0062-3;Memória sobre a Viagem do Porto de Santos à Cidade de Cuiabá - Vol.69 G092;1;20;Baixa;13,00;1,08;0,00;0,00;1,30;
;;03.15.01.0064-0;No Brasil, do Rio São Francisco ao Amazonas - vol.71 G071 ;1;20;Baixa;17,00;1,42;25,00;17,61;1,70;
;;03.15.01.0065-8;Recordações da Campanha do Paraguai - vol.72 G072 ;1;20;Baixa;41,00;3,42;23,00;6,73;4,10;
;;03.15.01.0066-6;História da Conquista da Paraíba - vol.73 G074 ;1;20;Baixa;25,00;2,08;80,00;38,46;2,50;
;;03.15.01.0067-4;Um Diplomata na Corte de Inglaterra - O Barão de Penedo e sua ;1;20;Baixa;18,00;1,50;110,00;73,33;1,80;
;;03.15.01.0067-4;Época - Vol.74 G076;1;20;Baixa;18,00;1,50;110,00;73,33;1,80;
;;03.15.01.0068-2;Arte Sacra em Alagoas - Vol.75 G077;1;20;Baixa;14,00;1,17;301,00;257,26;1,40;
;;03.15.01.0069-0;As Coletividades Anormais  - vol.76 G079;1;20;Baixa;6,00;0,50;0,00;0,00;0,60;
;;03.15.01.0070-4;Corumbá: Terra de Lutas e de Sonhos - vol.77 G079 ;1;20;Baixa;17,00;1,42;2,00;1,41;1,70;
;;03.15.01.0072-0;Constituições Primeiras do Arcebispado da Bahia - vol.79 G081;1;20;Baixa;20,00;1,67;80,00;47,90;2,00;
;;03.15.01.0073-9;Os livros, Nossos Amigos - vol.80 G081 ;1;20;Baixa;1,00;0,08;0,00;0,00;0,10;
;;03.15.01.0074-7;O Quilombo de Frechal - Vol.81 G078;1;20;Baixa;14,00;1,17;139,00;118,80;1,40;
;;03.15.01.0075-5;Inventário Nacional de Bens Imóveis e Sítios Urbanos Tombados - Vol.82 G083 ;1;20;Baixa;10,00;0,83;21,00;25,30;1,00;
;;03.15.01.0078-0;Cidades Históricas Inventário e Pesquisa - São Luís - Vol.85 G086 ;1;20;Baixa;12,00;1,00;66,00;66,00;1,20;
;;03.15.01.0079-8;Três ensaios de história colonial - vol.86 G077;1;20;Baixa;23,00;1,92;90,00;46,88;2,30;
;;03.15.01.0080-1;30 anos na Paraíba: Memórias Corográficas e Outras Memórias - vol.87 G089 ;1;20;Baixa;20,00;1,67;103,00;61,68;2,00;
;;03.15.01.0081-0;Naus no Brasil Colônia - vol.88 H077;1;20;Baixa;17,00;1,42;131,00;92,25;1,70;
;;03.15.01.0082-8;Paisagens Brasileiras - vol.89 G092 ;1;20;Baixa;24,00;2,00;42,00;21,00;2,40;
;;03.15.01.0083-6;A Coluna Prestes no Piauí - vol.90 G093 ;1;20;Baixa;17,00;1,42;49,00;34,51;1,70;
;;03.15.01.0084-4;As Constituições dos Países da Comunidade de Língua Portuguesa Comentadas - vol.91 I066;1;20;Baixa;28,00;2,33;90,00;38,63;2,80;
;;03.15.01.0085-2;Escritos Políticos -Vol.92 G095 ;1;20;Baixa;25,00;2,08;66,00;31,73;2,50;
;;03.15.01.0086-0;Viagem Fluvial do Tietê ao Amazonas: (1825 a 1829) - vol.93 G096 ;1;20;Baixa;21,00;1,75;9,00;5,14;2,10;
;;03.15.01.0087-9;Continuação da História das Coisas Mais Memoráveis Acontecidas no Maranhão nos anos de 1613 e 1614 - Vol.94 G097 ;1;20;Baixa;9,00;0,75;18,00;24,00;0,90;
;;03.15.01.0088-7;Pantanal Pioneiros - vol.95 I069;1;20;Baixa;16,00;1,33;98,00;73,68;1,60;
;;03.15.01.0089-5;Ney Braga, Política e Modernidade - vol.96 I041;1;20;Baixa;14,00;1,17;121,00;103,42;1,40;
;;03.15.01.0090-9;Questões de Limites: Guiana Francesa - vol.97 G069;1;20;Baixa;19,00;1,58;58,00;36,71;1,90;
;;03.15.01.0091-7;Início e Consolidação da Pesquisa Matemática no Brasil - VOL.98 H138;1;20;Baixa;18,00;1,50;105,00;70,00;1,80;
;;03.15.01.0092-5;Recordações de Guerra e de Viagem - VOL.99 G068;1;20;Baixa;23,00;1,92;76,00;39,58;2,30;
;;03.15.01.0093-3;Tratado da Terra do Brasil - VOL.100 G068;1;20;Baixa;16,00;1,33;2,00;1,50;1,60;
;;03.15.01.0094-1;Viagem Pitoresca -  Vol.101 G070;1;20;Baixa;23,00;1,92;42,00;21,88;2,30;
;;03.15.01.0095-0;Os Papagaios Amarelos - VOL.102 I068;1;20;Baixa;23,00;1,92;98,00;51,04;2,30;
;;03.15.01.0096-8;Reminiscências de Viagens e Permanências no Brasil: Províncias do Norte - vol.103 G057;1;20;Baixa;18,00;1,50;363,00;242,00;1,80;
;;03.15.01.0097-6;Caminhos do Açúcar: Engenhos e Casas-Grandes das Alagoas - VOL.104 G052;1;20;Baixa;16,00;1,33;62,00;46,62;1,60;
;;03.15.01.0098-4;Reminiscências de Viagens e Permanências no Brasil - RJ e SP;1;;Baixa;1,00;0,08;0,00;0,00;0,00;
;;03.15.01.0099-2;História da Missão dos Padres Capuchinhos na Ilha do Maranhão e Terras Circunvizinhas - VOL.105 G049;1;20;Baixa;21,00;1,75;95,00;54,29;2,10;
;;03.15.01.0100-0;História Interna do Direito Romano Privado  - vol.106 I027;1;20;Baixa;29,00;2,42;49,00;20,25;2,90;
;;03.15.01.0101-8;História da Literatura Ocidental - VOL.107 G033 ;1;20;Baixa;78,00;6,50;8,00;1,23;7,80;
;;03.15.01.0102-6;Copiador de Cartas Particulares do Senhor Dom Manuel da Cruz (1739-1762) Bispo do Maranhão e de Mariana - VOL.108 I042;1;20;Baixa;21,00;1,75;33,00;18,86;2,10;
;;03.15.01.0103-4;Formação Histórica do Acre - Vol.109 H132;1;20;Baixa;27,00;2,25;166,00;73,78;2,70;
;;03.15.01.0104-2;Da Profecia e Inquisição - VOL.110 L016 ;1;20;Baixa;7,00;0,58;0,00;0,00;0,70;
;;03.15.01.0105-0;Os caminhos de Garibaldi na América - vol.112 H105;1;20;Baixa;22,00;1,83;51,00;27,87;2,20;
;;03.15.01.0106-9;Um Paraíso Perdido - Ensaios Amazônicos - Vol.113 H002 ;1;20;Baixa;4,00;0,33;0,00;0,00;0,40;
;;03.15.01.0107-7;Colônias Imperiais na Terra do Café - vol.114 I024;1;20;Baixa;24,00;2,00;140,00;70,00;2,40;
;;03.15.01.0108-5;Crônica da Missão dos Padres da Companhia de Jesus no Estado do Maranhão - vol.115 J022;1;20;Baixa;10,00;0,83;0,00;0,00;1,00;
;;03.15.01.0109-3;Amazônia Ameaçada. Da Amazônia de Pombal à Soberania sob Ameaça - vol.116 J023;1;20;Baixa;20,00;1,67;18,00;10,78;2,00;
;;03.15.01.0110-7;Vultos e Retratos - vol.117 H140;1;20;Baixa;17,00;1,42;244,00;171,83;1,70;
;;03.15.01.0111-5;Formação Histórica do Brasil - vol.118 J025;1;20;Baixa;23,00;1,92;45,00;23,44;2,30;
;;03.15.01.0113-1;Dom Helder: O Artesão da Paz - vol.120 H009 ;1;20;Baixa;18,00;1,50;67,00;44,67;1,80;
;;03.15.01.0114-0;Nos Estados Unidos: Impressões Políticas e Sociais - vol.121 H083;1;20;Baixa;26,00;2,17;39,00;17,97;2,60;
;;03.15.01.0115-8;Estudos de Direito Romano - vol.122 H084;1;20;Baixa;3,00;0,25;9,00;36,00;0,30;
;;03.15.01.0116-6;Memórias d'o Tico-Tico - vol.123 I113;1;20;Baixa;38,00;3,17;395,00;124,61;3,80;
;;03.15.01.0117-4;Apresentação de Afonso Arinos - vol.124 I050;1;20;Baixa;18,00;1,50;151,00;100,67;1,80;
;;03.15.01.0118-2;Narrativa da Perseguição - vol.125 H087;1;20;Baixa;61,00;5,08;29,00;5,71;6,10;
;;03.15.01.0119-0;O Rio de Janeiro no Tempo dos Vice-Reis - Vol.126 H088;1;20;Baixa;2,00;0,17;1,00;5,88;0,20;
;;03.15.01.0120-4;O Tratado de Limites Brasil-Peru - vol.127 H089;1;20;Baixa;18,00;1,50;42,00;28,00;1,80;
;;03.15.01.0122-0;Memórias para a História da Capitania de São Vicente - vol.129 H002;1;20;Baixa;12,00;1,00;59,00;59,00;1,20;
;;03.15.01.0123-9;Memórias Secretas de Carlota Joaquina - Vol.130 H003;1;20;Baixa;31,00;2,58;134,00;51,94;3,10;
;;03.15.01.0124-7;História do Brasil (Frei Vicente do Salvador) - vol.131 H005;1;20;Baixa;4,00;0,33;0,00;0,00;0,40;
;;03.15.01.0125-5;O Tráfico de Escravos do Brasil para o Rio da Prata - vol.132 H005;1;20;Baixa;19,00;1,58;1,00;0,63;1,90;
;;03.15.01.0126-3;História do Brasil (Robert Southey) - Volumes I, II e III - Vol. ;1;20;Baixa;29,00;2,42;50,00;20,66;2,90;
;;03.15.01.0126-3;133 I060;1;20;Baixa;29,00;2,42;50,00;20,66;2,90;
;;03.15.01.0127-1;Diálogos das Grandezas do Brasil - vol.134 H007;1;20;Baixa;34,00;2,83;68,00;24,03;3,40;
;;03.15.01.0128-0;Amazônia, Patrimônio Universal? - vol.135 H008;1;20;Baixa;30,00;2,50;137,00;54,80;3,00;
;;03.15.01.0129-8;Ideias e instituições no Império - vol.136 H009;1;20;Baixa;30,00;2,50;70,00;28,00;3,00;
;;03.15.01.0130-1;História da Independência do Brasil - vol.137 H010;1;20;Baixa;34,00;2,83;112,00;39,58;3,40;
;;03.15.01.0131-0;O ano da Independência - vol.138 H141;1;20;Baixa;30,00;2,50;92,00;36,80;3,00;
;;03.15.01.0132-8;Imigrantes Poloneses no Brasil de 1891 - vol.139 H013 ;1;20;Baixa;18,00;1,50;15,00;10,00;1,80;
;;03.15.01.0133-6;Pluto Brasiliensis - vol.140 I057;1;20;Baixa;18,00;1,50;181,00;120,67;1,80;
;;03.15.01.0134-4;Nas Selvas do Brasil - vol.141 H015;1;20;Baixa;34,00;2,83;14,00;4,95;3,40;
;;03.15.01.0135-2;História do Brasil (João Armitage) - vol.142 H016;1;20;Baixa;30,00;2,50;74,00;29,60;3,00;
;;03.15.01.0137-9;Atualidade de Alberto Pasqualini - vol.144 H152;1;20;Baixa;18,00;1,50;148,00;98,67;1,80;
;;03.15.01.0138-7;Castilhismo: Uma Filosofia da República - vol.145 H020;1;20;Baixa;24,00;2,00;61,00;30,50;2,40;
;;03.15.01.0139-5;Cultura Quilombola na Lagoa da Pedra, Arraias-TO  - vol.146 H021;1;20;Baixa;18,00;1,50;155,00;103,33;1,80;
;;03.15.01.0140-9;O Moderno Príncipe - Maquiavel Revisitado - Vol.147 H022;1;20;Baixa;46,00;3,83;109,00;28,46;4,60;
;;03.15.01.0141-7;Autobiografia - Visconde de Mauá - vol.148 H023;1;20;Baixa;49,00;4,08;45,00;11,03;4,90;
;;03.15.01.0142-5;A Retirada da Laguna - vol.149 H024;1;20;Baixa;19,00;1,58;1,00;0,63;1,90;
;;03.15.01.0143-3;Uma Festa Brasileira - vol.150 H025;1;20;Baixa;27,00;2,25;58,00;25,78;2,70;
;;03.15.01.0144-1;"Viagem pelo Rio Amazonas: Cartas do ""Mundus Alter"" - vol.151 H026";1;20;Baixa;32,00;2,67;123,00;46,07;3,20;
;;03.15.01.0145-0;Reminiscências da Guerra do Paraguai - vol.152 H027;1;20;Baixa;27,00;2,25;41,00;18,22;2,70;
;;03.15.01.0146-8;América Latina e América Inglesa - vol.153 H029;1;20;Baixa;20,00;1,67;12,00;7,19;2,00;
;;03.15.01.0147-6;O Rio de Janeiro como é  - vol.154 H030;1;20;Baixa;19,00;1,58;3,00;1,90;1,90;
;;03.15.01.0148-4;Bandeiras Nacional, Históricas e Estaduais - vol.155 H031;1;20;Baixa;16,00;1,33;11,00;8,27;1,60;
;;03.15.01.0149-2;A Formação do Capital e seu Desenvolvimento - vol.156 H032;1;20;Baixa;21,00;1,75;24,00;13,71;2,10;
;;03.15.01.0150-6;História da América Portuguesa - vol.157 H001;1;20;Baixa;34,00;2,83;192,00;67,84;3,40;
;;03.15.01.0151-4;Formação Histórica da Nacionalidade Brasileira - vol.158 H034;1;20;Baixa;48,00;4,00;46,00;11,50;4,80;
;;03.15.01.0152-2;Norte do Brasil: Através do Amazonas, do Pará e do Maranhão - vol.159 H035;1;20;Baixa;19,00;1,58;17,00;10,76;1,90;
;;03.15.01.0153-0;Cultura e opulência do Brasil - vol.160 H036;1;20;Baixa;31,00;2,58;144,00;55,81;3,10;
;;03.15.01.0154-9;Jornada do Maranhão: Por Ordem de Sua Majestade Feita o Ano de 1614 - vol.161 H038;1;20;Baixa;25,00;2,08;139,00;66,83;2,50;
;;03.15.01.0155-7;Rio São Francisco das Alagoas: Histórias, Lendas, Terra e Gente - vol.162 H039;1;20;Baixa;17,00;1,42;218,00;153,52;1,70;
;;03.15.01.0156-5;O Cavalo: Grandeza e Legado - vol.163 I044;1;20;Baixa;21,00;1,75;74,00;42,29;2,10;
;;03.15.01.0157-3;Viagem a um País de Selvagens - vol.164 H041;1;20;Baixa;17,00;1,42;117,00;82,39;1,70;
;;03.15.01.0158-1;Anotações de A. M. Vasconcelos de Drummond - vol.165 H042;1;20;Baixa;16,00;1,33;123,00;92,48;1,60;
;;03.15.01.0159-0;Apontamentos para a História dos Jesuítas no Brasil - vol.166 H166;1;20;Baixa;31,00;2,58;32,00;12,40;3,10;
;;03.15.01.0160-3;História do Rio Grande do Norte - vol.167 H044;1;20;Baixa;24,00;2,00;94,00;47,00;2,40;
;;03.15.01.0161-1;As Dificuldades de um Império Luso-Brasileiro - vol.168 H045;1;20;Baixa;26,00;2,17;27,00;12,44;2,60;
;;03.15.01.0162-0;Testamento Político - vol.169 H047;1;20;Baixa;30,00;2,50;67,00;26,80;3,00;
;;03.15.01.0163-8;Euclides da Cunha e a Política - vol.170 H048;1;20;Baixa;23,00;1,92;105,00;54,69;2,30;
;;03.15.01.0164-6;A Vida dos Doze Césares - vol.171 H049;1;20;Baixa;1,00;0,08;0,00;0,00;0,10;
;;03.15.01.0165-4;A Paraíba e seus Problemas - vol.172 H050;1;20;Baixa;22,00;1,83;49,00;26,78;2,20;
;;03.15.01.0166-2;A Noite das Garrafadas - vol.173 H051;1;20;Baixa;50,00;4,17;151,00;36,21;5,00;
;;03.15.01.0167-0;Segredos e Revelações da História do Brasil  - vol.174 I116;1;20;Baixa;22,00;1,83;49,00;26,78;2,20;
;;03.15.01.0168-9;O Meu Dicionário  de Cousas da Amazônia - vol. 175 H053;1;20;Baixa;18,00;1,50;104,00;69,33;1,80;
;;03.15.01.0169-7;A Viagem de Patroni Pelas Províncias Brasileiras - vol.176 H054;1;20;Baixa;31,00;2,58;123,00;47,67;3,10;
;;03.15.01.0170-0;Invasão Paraguaia na Fronteira Brasileira do Uruguai - vol.177 I126;1;20;Baixa;21,00;1,75;112,00;64,00;2,10;
;;03.15.01.0171-9;História Constitucional do Brasil - vol.178 H057;1;20;Baixa;7,00;0,58;96,00;165,52;0,70;
;;03.15.01.0172-7;O Rei dos Jagunços - vol.179 H058;1;20;Baixa;21,00;1,75;120,00;68,57;2,10;
;;03.15.01.0173-5;Memórias para Servir à História do Reino do Brasil Tomo I e II - vol.180 H059;1;20;Baixa;20,00;1,67;45,00;26,95;2,00;
;;03.15.01.0174-3;Arquivo Nelson Werneck Sodré - vol. 181 H069;1;20;Baixa;16,00;1,33;162,00;121,80;1,60;
;;03.15.01.0175-1;João Francisco Lisboa: O Timon Maranhense - vol.182 H061;1;20;Baixa;19,00;1,58;138,00;87,34;1,90;
;;03.15.01.0176-0;Finalidade do Mundo - vol. 183 I080;1;20;Baixa;43,00;3,58;39,00;10,89;4,30;
;;03.15.01.0177-8;Urbanidade do Sobrado: Um Estudo Sobre a Arquitetura do Sobrado de São Luís - vol.184 I071;1;20;Baixa;20,00;1,67;48,00;28,74;2,00;
;;03.15.01.0178-6;Notas Sobre as Casas de Fazenda dos Inhamuns - vol.185 H065;1;20;Baixa;24,00;2,00;55,00;27,50;2,40;
;;03.15.01.0179-4;História do Triângulo Mineiro - vol.186 H066;1;20;Baixa;11,00;0,92;0,00;0,00;1,10;
;;03.15.01.0180-8;Fastos da Ditadura Militar no Brasil - vol.187 H067;1;20;Baixa;31,00;2,58;70,00;27,13;3,10;
;;03.15.01.0181-6;História da Civilização Brasileira - vol.188 H068;1;20;Baixa;32,00;2,67;14,00;5,24;3,20;
;;03.15.01.0182-4;Segunda Viagem a São Paulo e Quadro Histórico da Província de São Paulo- vol.189 H154;1;20;Baixa;15,00;1,25;312,00;249,60;1,50;
;;03.15.01.0183-2;O Barão do Rio Branco - vol.191 H052;1;20;Baixa;30,00;2,50;73,00;29,20;3,00;
;;03.15.01.0184-0;História Militar do Brasil - vol.192 H072;1;20;Baixa;32,00;2,67;156,00;58,43;3,20;
;;03.15.01.0185-9;O Oiapoque e o Amazonas - vol. 193 H168;1;20;Baixa;17,00;1,42;146,00;102,82;1,70;
;;03.15.01.0186-7;Viajando com  Langsdorff - Vergê - Edição Padrão - vol.195 H076;1;20;Baixa;20,00;1,67;83,00;49,70;2,00;
;;03.15.01.0187-5;Amazônia: Terminais Hidroviários - vol.196 H074;1;20;Baixa;17,00;1,42;111,00;78,17;1,70;
;;03.15.01.0188-3;A Presença Holandesa - vol.197 H078;1;20;Baixa;17,00;1,42;120,00;84,51;1,70;
;;03.15.01.0189-1;Os Meus Balões - vol.198 H104;1;20;Baixa;31,00;2,58;46,00;17,83;3,10;
;;03.15.01.0190-5;Delmiro Gouveia e a Educação na Pedra - vol.199 G032 ;1;20;Baixa;11,00;0,92;86,00;93,48;1,10;
;;03.15.01.0191-3;H098 Rã-txa hu-ni-ku-i: Gramática, Textos e Vocabulário Caxinauás - vol.200 H080;1;20;Baixa;17,00;1,42;102,00;71,83;1,70;
;;03.15.01.0192-1;Meu Caminho para Brasília -  vol.201 H112;1;20;Baixa;13,00;1,08;9,00;8,33;1,30;
;;03.15.01.0193-0;Autobiografia de C. B. Ottoni - VOL.202 O076;1;20;Baixa;22,00;1,83;86,00;46,99;2,20;
;;03.15.01.0194-8;A Vida do Barão do Rio Branco - vol.203 H146;1;20;Baixa;35,00;2,92;25,00;8,56;3,50;
;;03.15.01.0195-6;Direitos Humanos e Liberdade Religiosa - vol.205 H115;1;20;Baixa;3,00;0,25;10,00;40,00;0,30;
;;03.15.01.0196-4;Ação e Presença  dos Portugueses na Costa Norte di Brasil no Século  VII - vol. 206 J004;1;20;Baixa;28,00;2,33;51,00;21,89;2,80;
;;03.15.01.0197-2;LEGBA -  A Guerra Contra o Xangô em 1912 - Vol.207 I088;1;20;Baixa;20,00;1,67;286,00;171,26;2,00;
;;03.15.01.0198-0;História dos Fundadores do Império do Brasil - Vols. 208/212;1;20;Baixa;3,00;0,25;13,00;52,00;0,30;
;;03.15.01.0200-6;A Presença Negra em Alagoas - Vol. 214 J026;1;20;Baixa;20,00;1,67;122,00;73,05;2,00;
;;03.15.01.0201-4;O Masacre de Alto Alegre - Vol. 215 I001;1;20;Baixa;33,00;2,75;3,00;1,09;3,30;
;;03.15.01.0202-2;Origens da Legislação Trabalhista Brasileira - Vol.216 H092;1;20;Baixa;21,00;1,75;203,00;116,00;2,10;
;;03.15.01.0203-0;Paróquias Potiguares:   Uma História - Vol. 217 H094;1;20;Baixa;21,00;1,75;73,00;41,71;2,10;
;;03.15.01.0204-9;PARLASUL - O Espaço Político da Integração - Vol. 218 H147;1;20;Baixa;15,00;1,25;156,00;124,80;1,50;
;;03.15.01.0205-7;Uma Viagem ao Rio Grande do Sul - Vol.219 I020;1;20;Baixa;24,00;2,00;160,00;80,00;2,40;
;;03.15.01.0206-5;Autores e Livros na Rádio Senado: Entrevistas a Margarida Patriota - Vol. 220 H095 ;1;20;Baixa;23,00;1,92;90,00;46,88;2,30;
;;03.15.01.0207-3;A Caminho do Leste - Vol. 221 I091;1;20;Baixa;34,00;2,83;106,00;37,46;3,40;
;;03.15.01.0208-1;História Diplomática do Brasil - Vol. 224 I084;1;20;Baixa;33,00;2,75;162,00;58,91;3,30;
;;03.15.01.0209-0;Formação Constitucional do Brasil - Vol. 225 H099;1;20;Baixa;35,00;2,92;2,00;0,68;3,50;
;;03.15.01.0210-3;A Vida de Golçalves Dias - Vol.226 I004;1;20;Baixa;33,00;2,75;24,00;8,73;3,30;
;;03.15.01.0211-1;Raízes da Intolerância - Vol.227 H107;1;20;Baixa;31,00;2,58;39,00;15,12;3,10;
;;03.15.01.0212-0;Brasileiras Célebres - Vol. 228 H098;1;20;Baixa;42,00;3,50;92,00;26,29;4,20;
;;03.15.01.0213-8;O Senhor da Pedra: Produções e usos das Memórias Sobre Delmiro Gouveia (1940 a 1980) - Vol. 229 I007;1;20;Baixa;18,00;1,50;42,00;28,00;1,80;
;;03.15.01.0214-6;Garibaldi e a Guerra dos Farrapos - Vol.230 H142;1;20;Baixa;27,00;2,25;107,00;47,56;2,70;
;;03.15.01.0215-4;O Guarani - Vol. 235 I086;1;20;Baixa;24,00;2,00;199,00;99,50;2,40;
;;03.15.01.0216-2;Machado de Assis - Estudo Crítico e Bibliográfico - Vol. 236 H116;1;20;Baixa;5,00;0,42;99,00;235,71;0,50;
;;03.15.01.0217-0;O Nordeste Brasileiro - Vol.237 H106;1;20;Baixa;29,00;2,42;103,00;42,56;2,90;
;;03.15.01.0218-9;A História da Revolução Russa - Vol. 240 H158;1;20;Baixa;60,00;5,00;96,00;19,20;6,00;
;;03.15.01.0219-7;Galeria dos Brasileiros Ilustres - Volumes I e II - Brasil 500 anos I003 ;1;20;Baixa;17,00;1,42;13,00;9,15;1,70;
;;03.15.01.0224-3;Viagem ao Brasil (1865 - 1866) - BVPE J030;1;20;Baixa;3,00;0,25;3,00;12,00;0,30;
;;03.15.01.0225-1;Brasil: Terra e Gente (1871) - BVPE J034;1;20;Baixa;7,00;0,58;17,00;29,31;0,70;
;;03.15.01.0226-0;Sua Majestade O Presidente do Brasil - BVPE J034;1;20;Baixa;24,00;2,00;33,00;16,50;2,40;
;;03.15.01.0227-8;A Ilusão Americana - vol. 11 G011;1;20;Baixa;1,00;0,08;1,00;12,50;0,10;
;;03.15.01.0228-6;Diário da Minha Viagem para Filadélfia (1798 - 1799) - vol. 33 G029 ;1;20;Baixa;25,00;2,08;107,00;51,44;2,50;
;;03.15.01.0231-6;Wawekrurê - Distintos Olhares - Vol. 213 I005;1;20;Baixa;10,00;0,83;112,00;134,94;1,00;
;;03.15.01.0232-4;A República na América do Sul - Vol.231 H150;1;20;Baixa;40,00;3,33;26,00;7,81;4,00;
;;03.15.01.0233-2;Brasil: Uma História Documental - Vol.232 I052;1;20;Baixa;46,00;3,83;114,00;29,77;4,60;
;;03.15.01.0234-0;A Renúncia de Jânio - Vol. 234 H097;1;20;Baixa;58,00;4,83;144,00;29,81;5,80;
;;03.15.01.0238-3;Quando Mudam as Capitais - BBB I001 ;1;20;Baixa;8,00;0,67;11,00;16,42;0,80;
;;03.15.01.0245-6;Amapá: A Terra Onde o Brasil Começa - Brasil 500 Anos I004 ;1;20;Baixa;7,00;0,58;82,00;141,38;0,70;
;;03.15.01.0246-4;Castilhismo: Uma Filosofia da República - Brasil 500 Anos I005 ;1;20;Baixa;8,00;0,67;117,00;174,63;0,80;
;;03.15.01.0247-2;De Profecia e Inquisição - Brasil 500 Anos I006 ;1;20;Baixa;2,00;0,17;64,00;376,47;0,20;
;;03.15.01.0248-0;O Discurso Autoritário de Cairu - Brasil 500 Anos J034;1;20;Baixa;15,00;1,25;247,00;197,60;1,50;
;;03.15.01.0249-9;Na Planície Amazônica - Brasil 500 Anos I009 ;1;20;Baixa;11,00;0,92;7,00;7,61;1,10;
;;03.15.01.0250-2;Alagoas: a Herança Indígena - vol. 238 H022;1;20;Baixa;10,00;0,83;145,00;174,70;1,00;
;;03.15.01.0251-0;Fábrica da Pedra H131;1;20;Baixa;19,00;1,58;51,00;32,28;1,90;
;;03.15.01.0252-9;J002 O Brasil Social e Outros Estudos Sociológicos - BBB;1;20;Baixa;1,00;0,08;6,00;75,00;0,10;
;;03.15.01.0254-5;Eleição e Representação - BBB J002 ;1;20;Baixa;6,00;0,50;0,00;0,00;0,60;
;;03.15.01.0260-0;A Renúncia de Jânio - BBB J003 ;1;20;Baixa;1,00;0,08;8,00;100,00;0,10;
;;03.15.01.0262-6;Minha Formação - BBB J004 ;1;20;Baixa;24,00;2,00;51,00;25,50;2,40;
;;03.15.01.0263-4;A Presidência Campos Sales - BBB J005 ;1;20;Baixa;17,00;1,42;129,00;90,85;1,70;
;;03.15.01.0264-2;O Estado Nacional - BBB J007 ;1;20;Baixa;15,00;1,25;43,00;34,40;1,50;
;;03.15.01.0265-0;Anísio em Movimento - BBB J008 ;1;20;Baixa;9,00;0,75;8,00;10,67;0,90;
;;03.15.01.0266-9;Rodrigues Alves - Volumes 1 e 2 - BBB J003;1;20;Baixa;11,00;0,92;57,00;61,96;1,10;
;;03.15.01.0267-7;Hannah Arendt e o declínio da esfera pública - 4ª Ed. - Vol. 233 J005;1;20;Baixa;46,00;3,83;286,00;74,67;4,60;
;;03.15.01.0268-5;Presidencialismo ou Parlamentarismo? - BBB J007;1;20;Baixa;6,00;0,50;8,00;16,00;0,60;
;;03.15.01.0269-3;Observações sobre a Franqueza da Indústria e Estabelecimento de Fábricas no Brasil - BBB J008;1;20;Baixa;9,00;0,75;118,00;157,33;0,90;
;;03.15.01.0270-7;Oito Anos de Parlamento - BBB J009;1;20;Baixa;14,00;1,17;125,00;106,84;1,40;
;;03.15.01.0271-5;Advento da ditadura militar no Brasil  - vol. 243 I031;1;20;Baixa;118,00;9,83;190,00;19,33;11,80;
;;03.15.01.0272-3;A língua portuguesa no tempo e no espaço - 1ª edição - vol.242 I045;1;20;Baixa;66,00;5,50;109,00;19,82;6,60;
;;03.15.01.0273-1;Cidadania, Sistema Político e o Estado - Juiz - vol. 239 I063;1;20;Baixa;7,00;0,58;253,00;436,21;0,70;
;;03.15.01.0274-0;Defesa da Poesia - vol.241 I072;1;20;Baixa;46,00;3,83;116,00;30,29;4,60;
;;03.15.01.0275-8;História dos fundadores do Império do Brasil - Vol. I- vol. 208 K008 ;1;20;Baixa;2,00;0,17;0,00;0,00;0,20;
;;03.15.01.0276-6;História dos fundadores do Império do Brasil - Vol. II- vol. 209 J011;1;20;Baixa;28,00;2,33;13,00;5,58;2,80;
;;03.15.01.0277-4;História dos fundadores do Império do Brasil - Vol. III- vol. 210 J014;1;20;Baixa;20,00;1,67;27,00;16,17;2,00;
;;03.15.01.0278-2;História dos fundadores do Império do Brasil - Vol. IV- vol. 211 J015;1;20;Baixa;24,00;2,00;49,00;24,50;2,40;
;;03.15.01.0279-0;História dos fundadores do Império do Brasil - Vol. V - vol. 212 J016;1;20;Baixa;21,00;1,75;55,00;31,43;2,10;
;;03.15.01.0281-2;A Amazônia e a Integridade do Brasil - Brasil 500 anos;1;20;Baixa;1,00;0,08;0,00;0,00;0,10;
;;03.15.01.0283-9;O Rio de Janeiro Como É (1824-1826) - BVPE J031;1;20;Baixa;4,00;0,33;32,00;96,97;0,40;
;;03.15.01.0284-7;Revista Americana - Brasil 500 Anos J033;1;20;Baixa;13,00;1,08;54,00;50,00;1,30;
;;03.15.01.0286-3;Álbum Ilustrado do Estado de Alagoas;1;20;Baixa;2,00;0,17;0,00;0,00;0,20;
;;03.15.01.0288-0;Obras de Arte do Senado Federal: Catálogo do Acervo;1;20;Baixa;12,00;1,00;1,00;1,00;1,20;
;;03.15.01.0289-8;Segunda Viagem a São Paulo e Quadro Histórico da Província de São Paulo - BVPE J029;1;20;Baixa;4,00;0,33;4,00;12,12;0,40;
;;03.15.01.0290-1;A questão indígena - vol. 247 I101;1;20;Baixa;24,00;2,00;227,00;113,50;2,40;
;;03.15.01.0291-0;Salão de Humor da Anistia D042;1;20;Baixa;6,00;0,50;24,00;48,00;0,60;
;;03.15.01.0292-8;Viagem pelo Brasil Tomo I, II e III Vol 244 I092;1;20;Baixa;25,00;2,08;225,00;108,17;2,50;
;;TOTAL DE ITENS:;;;;;;;;;427;
;;;;;;;;;;;;
